,id,data
0,1,783.565
1,2,719.122
2,3,986.758
3,4,197.224
4,5,38.532
5,6,422.954
6,7,957.257
7,8,228.649
8,9,893.263
9,10,153.254
10,11,479.742
11,12,519.214
12,13,752.864
13,14,109.982
14,15,347.663
15,16,74.303
16,17,945.54
17,18,761.119
18,19,959.084
19,20,598.184
20,21,442.274
21,22,759.864
22,23,264.967
23,24,312.123
24,25,714.645
25,26,378.919
26,27,404.555
27,28,224.805
28,29,425.697
29,30,595.436
30,31,177.93
31,32,855.397
32,33,733.126
33,34,939.94
34,35,297.053
35,36,692.566
36,37,141.897
37,38,722.127
38,39,518.499
39,40,343.473
40,41,123.767
41,42,932.589
42,43,788.745
43,44,577.82
44,45,181.725
45,46,354.785
46,47,941.031
47,48,188.896
48,49,782.179
49,50,33.318
50,51,128.595
51,52,512.516
52,53,276.83
53,54,758.66
54,55,517.672
55,56,554.936
56,57,954.568
57,58,15.175
58,59,708.879
59,60,997.69
60,61,780.271
61,62,153.782
62,63,419.303
63,64,147.164
64,65,929.061
65,66,176.432
66,67,983.276
67,68,534.13
68,69,910.45
69,70,561.221
70,71,904.887
71,72,835.791
72,73,854.895
73,74,484.144
74,75,544.824
75,76,102.469
76,77,505.891
77,78,468.65
78,79,655.307
79,80,938.887
80,81,830.344
81,82,347.596
82,83,474.288
83,84,663.73
84,85,473.27
85,86,521.193
86,87,584.467
87,88,731.664
88,89,611.586
89,90,654.615
90,91,658.872
91,92,449.771
92,93,586.639
93,94,695.155
94,95,483.052
95,96,176.827
96,97,259.636
97,98,247.872
98,99,324.142
99,100,802.258
100,101,107.916
101,102,724.047
102,103,846.284
103,104,390.218
104,105,346.497
105,106,107.588
106,107,972.516
107,108,393.815
108,109,915.919
109,110,15.23
110,111,395.109
111,112,176.14
112,113,683.575
113,114,248.206
114,115,339.156
115,116,564.856
116,117,220.99
117,118,351.946
118,119,455.039
119,120,492.133
120,121,328.082
121,122,210.59
122,123,466.267
123,124,633.562
124,125,414.173
125,126,1.172
126,127,292.019
127,128,239.602
128,129,326.593
129,130,255.643
130,131,59.369
131,132,62.854
132,133,340.985
133,134,258.163
134,135,212.333
135,136,738.32
136,137,275.409
137,138,283.014
138,139,738.132
139,140,447.405
140,141,60.199
141,142,546.834
142,143,166.981
143,144,281.415
144,145,460.176
145,146,55.741
146,147,230.244
147,148,410.034
148,149,335.272
149,150,226.03
150,151,534.5
151,152,387.202
152,153,771.412
153,154,956.749
154,155,770.733
155,156,632.691
156,157,371.142
157,158,292.741
158,159,529.839
159,160,866.228
160,161,342.197
161,162,355.678
162,163,518.495
163,164,13.682
164,165,728.052
165,166,749.065
166,167,805.232
167,168,774.717
168,169,294.093
169,170,704.948
170,171,54.493
171,172,78.681
172,173,888.603
173,174,808.9
174,175,184.486
175,176,711.638
176,177,451.579
177,178,97.229
178,179,469.7
179,180,412.622
180,181,76.911
181,182,689.753
182,183,817.175
183,184,814.145
184,185,582.447
185,186,643.904
186,187,8.843
187,188,216.947
188,189,930.815
189,190,947.46
190,191,753.199
191,192,185.23
192,193,443.192
193,194,280.806
194,195,424.227
195,196,461.003
196,197,580.502
197,198,360.007
198,199,122.955
199,200,643.771
200,201,336.228
201,202,459.175
202,203,559.066
203,204,500.282
204,205,752.976
205,206,466.359
206,207,660.31
207,208,108.706
208,209,309.985
209,210,574.047
210,211,939.445
211,212,895.067
212,213,209.429
213,214,74.069
214,215,231.711
215,216,181.435
216,217,107.347
217,218,273.67
218,219,9.964
219,220,740.766
220,221,867.583
221,222,233.202
222,223,416.601
223,224,200.497
224,225,452.494
225,226,306.299
226,227,608.277
227,228,427.051
228,229,728.373
229,230,918.993
230,231,377.578
231,232,620.122
232,233,329.128
233,234,798.938
234,235,343.864
235,236,506.226
236,237,466.187
237,238,130.416
238,239,305.57
239,240,547.54
240,241,78.331
241,242,946.385
242,243,453.355
243,244,120.344
244,245,955.256
245,246,265.265
246,247,66.328
247,248,393.033
248,249,720.762
249,250,133.038
250,251,811.368
251,252,285.705
252,253,94.675
253,254,880.72
254,255,107.467
255,256,956.444
256,257,616.271
257,258,229.902
258,259,287.04
259,260,148.814
260,261,294.863
261,262,462.487
262,263,268.512
263,264,684.487
264,265,520.436
265,266,385.694
266,267,625.889
267,268,341.343
268,269,255.07
269,270,145.303
270,271,27.442
271,272,942.117
272,273,686.726
273,274,252.615
274,275,923.095
275,276,620.314
276,277,757.674
277,278,486.473
278,279,915.959
279,280,585.573
280,281,708.954
281,282,712.741
282,283,142.247
283,284,272.768
284,285,969.532
285,286,888.847
286,287,675.979
287,288,467.883
288,289,310.892
289,290,686.869
290,291,651.833
291,292,618.217
292,293,233.774
293,294,381.175
294,295,709.22
295,296,854.452
296,297,102.621
297,298,784.874
298,299,256.436
299,300,812.741
300,301,64.563
301,302,281.256
302,303,38.558
303,304,419.327
304,305,585.117
305,306,407.558
306,307,289.431
307,308,868.686
308,309,777.662
309,310,394.451
310,311,53.38
311,312,450.945
312,313,994.164
313,314,491.936
314,315,809.912
315,316,906.246
316,317,734.768
317,318,911.664
318,319,790.344
319,320,188.547
320,321,370.024
321,322,461.131
322,323,733.579
323,324,680.522
324,325,359.606
325,326,542.502
326,327,584.425
327,328,902.246
328,329,517.545
329,330,447.864
330,331,962.853
331,332,280.123
332,333,436.979
333,334,613.818
334,335,260.477
335,336,262.713
336,337,630.897
337,338,419.995
338,339,97.805
339,340,375.054
340,341,114.676
341,342,312.895
342,343,848.354
343,344,428.396
344,345,272.326
345,346,55.429
346,347,956.589
347,348,978.158
348,349,875.442
349,350,688.515
350,351,917.037
351,352,559.705
352,353,747.464
353,354,464.51
354,355,555.71
355,356,400.58
356,357,254.555
357,358,298.76
358,359,523.197
359,360,534.662
360,361,373.214
361,362,62.135
362,363,862.713
363,364,120.468
364,365,15.462
365,366,381.362
366,367,894.636
367,368,537.21
368,369,445.507
369,370,588.926
370,371,331.213
371,372,648.347
372,373,915.885
373,374,587.928
374,375,637.707
375,376,42.027
376,377,240.422
377,378,865.618
378,379,824.246
379,380,12.06
380,381,264.502
381,382,250.242
382,383,8.271
383,384,402.564
384,385,234.352
385,386,151.167
386,387,834.185
387,388,810.174
388,389,374.643
389,390,400.977
390,391,415.204
391,392,300.805
392,393,571.516
393,394,12.431
394,395,160.908
395,396,115.362
396,397,460.97
397,398,158.444
398,399,838.496
399,400,52.751
400,401,138.467
401,402,166.225
402,403,954.985
403,404,741.322
404,405,569.055
405,406,401.461
406,407,276.262
407,408,641.692
408,409,218.323
409,410,500.758
410,411,400.463
411,412,767.797
412,413,86.762
413,414,640.738
414,415,159.94
415,416,936.281
416,417,885.551
417,418,302.783
418,419,151.115
419,420,845.755
420,421,546.669
421,422,540.476
422,423,51.359
423,424,994.331
424,425,494.81
425,426,388.312
426,427,604.93
427,428,672.951
428,429,600.598
429,430,289.919
430,431,37.568
431,432,276.702
432,433,42.622
433,434,368.376
434,435,61.907
435,436,265.214
436,437,191.289
437,438,593.646
438,439,716.677
439,440,795.03
440,441,594.394
441,442,15.043
442,443,42.34
443,444,494.505
444,445,635.273
445,446,634.815
446,447,340.337
447,448,641.578
448,449,6.606
449,450,437.967
450,451,427.079
451,452,526.961
452,453,120.498
453,454,199.698
454,455,679.548
455,456,330.727
456,457,561.057
457,458,197.47
458,459,476.447
459,460,269.883
460,461,702.0
461,462,740.302
462,463,732.847
463,464,463.874
464,465,104.199
465,466,567.735
466,467,380.587
467,468,423.056
468,469,120.815
469,470,879.062
470,471,110.564
471,472,217.611
472,473,48.306
473,474,839.474
474,475,429.108
475,476,513.082
476,477,499.923
477,478,297.194
478,479,234.003
479,480,433.589
480,481,197.221
481,482,167.026
482,483,451.472
483,484,24.391
484,485,547.52
485,486,729.299
486,487,221.377
487,488,49.83
488,489,856.737
489,490,671.324
490,491,437.683
491,492,241.101
492,493,584.647
493,494,990.449
494,495,218.4
495,496,976.715
496,497,225.45
497,498,517.022
498,499,92.269
499,500,283.542
500,501,478.135
501,502,154.943
502,503,858.844
503,504,731.109
504,505,901.984
505,506,265.476
506,507,506.439
507,508,741.413
508,509,818.283
509,510,406.591
510,511,478.649
511,512,997.896
512,513,20.208
513,514,419.332
514,515,23.159
515,516,748.605
516,517,211.18
517,518,422.91
518,519,102.677
519,520,392.735
520,521,570.699
521,522,201.664
522,523,737.395
523,524,701.42
524,525,731.562
525,526,280.333
526,527,176.486
527,528,287.084
528,529,607.883
529,530,892.922
530,531,764.383
531,532,616.551
532,533,649.225
533,534,297.075
534,535,631.298
535,536,352.407
536,537,975.102
537,538,877.527
538,539,723.018
539,540,539.426
540,541,387.528
541,542,172.981
542,543,250.141
543,544,881.436
544,545,672.942
545,546,772.107
546,547,443.348
547,548,343.494
548,549,61.997
549,550,752.343
550,551,859.596
551,552,848.224
552,553,502.187
553,554,889.072
554,555,229.818
555,556,33.654
556,557,175.043
557,558,669.609
558,559,343.243
559,560,810.992
560,561,544.369
561,562,590.77
562,563,265.706
563,564,258.616
564,565,61.312
565,566,268.184
566,567,487.303
567,568,868.071
568,569,533.085
569,570,100.861
570,571,160.243
571,572,958.239
572,573,698.821
573,574,894.177
574,575,13.785
575,576,545.184
576,577,500.329
577,578,624.5
578,579,248.019
579,580,96.834
580,581,99.196
581,582,750.865
582,583,598.123
583,584,264.656
584,585,285.974
585,586,603.4
586,587,316.853
587,588,207.6
588,589,475.339
589,590,350.706
590,591,250.722
591,592,104.78
592,593,262.561
593,594,604.735
594,595,546.674
595,596,409.659
596,597,154.492
597,598,883.771
598,599,956.672
599,600,701.958
600,601,203.862
601,602,318.214
602,603,39.586
603,604,606.128
604,605,5.409
605,606,391.11
606,607,159.483
607,608,823.426
608,609,794.304
609,610,444.403
610,611,282.029
611,612,62.878
612,613,325.159
613,614,665.868
614,615,207.205
615,616,709.846
616,617,209.478
617,618,44.418
618,619,528.787
619,620,650.169
620,621,811.627
621,622,100.637
622,623,28.48
623,624,524.769
624,625,525.325
625,626,362.712
626,627,369.12
627,628,259.867
628,629,327.093
629,630,206.036
630,631,637.568
631,632,476.987
632,633,407.819
633,634,477.285
634,635,971.464
635,636,588.754
636,637,89.597
637,638,139.352
638,639,814.036
639,640,159.331
640,641,117.361
641,642,148.148
642,643,574.148
643,644,908.297
644,645,428.101
645,646,421.697
646,647,998.916
647,648,12.629
648,649,115.671
649,650,754.762
650,651,883.032
651,652,278.197
652,653,931.04
653,654,626.377
654,655,960.163
655,656,538.036
656,657,658.863
657,658,563.165
658,659,490.444
659,660,911.675
660,661,240.868
661,662,31.407
662,663,528.599
663,664,349.752
664,665,810.987
665,666,231.999
666,667,557.457
667,668,730.085
668,669,396.852
669,670,173.858
670,671,536.212
671,672,228.617
672,673,672.047
673,674,446.928
674,675,375.039
675,676,207.38
676,677,958.693
677,678,969.333
678,679,827.998
679,680,409.314
680,681,47.756
681,682,450.382
682,683,971.211
683,684,305.986
684,685,648.83
685,686,578.89
686,687,362.512
687,688,902.703
688,689,551.32
689,690,642.583
690,691,45.942
691,692,815.945
692,693,369.338
693,694,829.554
694,695,446.796
695,696,112.01
696,697,2.231
697,698,545.291
698,699,395.779
699,700,274.838
700,701,256.731
701,702,558.746
702,703,867.223
703,704,176.928
704,705,64.661
705,706,37.189
706,707,499.197
707,708,532.347
708,709,418.749
709,710,173.148
710,711,330.358
711,712,556.605
712,713,990.069
713,714,455.426
714,715,732.639
715,716,92.633
716,717,581.027
717,718,987.111
718,719,297.037
719,720,380.837
720,721,36.073
721,722,778.447
722,723,874.292
723,724,807.872
724,725,504.568
725,726,396.688
726,727,612.107
727,728,188.573
728,729,267.173
729,730,888.764
730,731,434.316
731,732,908.534
732,733,445.091
733,734,972.902
734,735,474.822
735,736,715.397
736,737,429.517
737,738,475.331
738,739,762.58
739,740,686.907
740,741,985.192
741,742,234.166
742,743,450.527
743,744,634.033
744,745,715.952
745,746,352.629
746,747,746.002
747,748,928.105
748,749,806.629
749,750,641.499
750,751,25.405
751,752,83.597
752,753,14.984
753,754,827.925
754,755,454.14
755,756,776.555
756,757,520.565
757,758,256.179
758,759,16.443
759,760,337.014
760,761,765.917
761,762,124.982
762,763,147.918
763,764,205.403
764,765,833.631
765,766,471.184
766,767,739.385
767,768,200.328
768,769,288.157
769,770,388.105
770,771,881.599
771,772,98.012
772,773,694.392
773,774,799.674
774,775,767.234
775,776,769.165
776,777,287.026
777,778,197.902
778,779,992.727
779,780,649.452
780,781,453.011
781,782,887.629
782,783,910.06
783,784,612.625
784,785,463.126
785,786,566.176
786,787,820.156
787,788,841.34
788,789,869.917
789,790,256.064
790,791,591.804
791,792,112.659
792,793,709.51
793,794,190.336
794,795,699.083
795,796,478.159
796,797,696.25
797,798,72.77
798,799,353.361
799,800,270.28
800,801,87.835
801,802,736.636
802,803,753.498
803,804,593.224
804,805,556.952
805,806,134.435
806,807,8.282
807,808,571.102
808,809,38.663
809,810,571.222
810,811,955.759
811,812,376.701
812,813,820.867
813,814,245.931
814,815,363.807
815,816,582.137
816,817,923.336
817,818,518.013
818,819,528.237
819,820,115.533
820,821,913.019
821,822,453.343
822,823,187.402
823,824,437.77
824,825,568.481
825,826,899.657
826,827,772.795
827,828,462.383
828,829,563.281
829,830,232.201
830,831,618.434
831,832,391.252
832,833,809.389
833,834,114.891
834,835,327.769
835,836,409.654
836,837,713.571
837,838,614.497
838,839,858.727
839,840,925.444
840,841,521.426
841,842,523.294
842,843,26.269
843,844,557.505
844,845,480.834
845,846,206.096
846,847,869.745
847,848,690.05
848,849,269.257
849,850,587.995
850,851,679.796
851,852,395.157
852,853,709.073
853,854,420.693
854,855,63.142
855,856,576.491
856,857,139.118
857,858,633.131
858,859,75.342
859,860,399.517
860,861,213.783
861,862,528.488
862,863,724.021
863,864,641.451
864,865,472.165
865,866,826.985
866,867,921.846
867,868,737.288
868,869,230.954
869,870,743.01
870,871,508.793
871,872,549.421
872,873,904.404
873,874,62.38
874,875,76.435
875,876,296.196
876,877,839.869
877,878,709.012
878,879,549.287
879,880,217.138
880,881,180.113
881,882,905.917
882,883,406.158
883,884,834.287
884,885,475.178
885,886,236.198
886,887,460.426
887,888,137.624
888,889,600.516
889,890,124.336
890,891,36.87
891,892,574.183
892,893,942.315
893,894,881.129
894,895,285.466
895,896,414.408
896,897,884.301
897,898,932.607
898,899,642.488
899,900,205.895
900,901,927.5
901,902,552.79
902,903,742.325
903,904,791.907
904,905,823.033
905,906,185.992
906,907,197.486
907,908,477.144
908,909,36.155
909,910,60.034
910,911,776.156
911,912,935.024
912,913,179.366
913,914,121.938
914,915,155.581
915,916,579.164
916,917,973.365
917,918,432.176
918,919,922.461
919,920,538.79
920,921,991.241
921,922,260.865
922,923,487.602
923,924,774.101
924,925,491.482
925,926,403.602
926,927,50.794
927,928,3.022
928,929,104.768
929,930,600.362
930,931,707.819
931,932,400.491
932,933,712.782
933,934,167.468
934,935,922.897
935,936,463.455
936,937,749.905
937,938,34.928
938,939,763.527
939,940,442.284
940,941,652.752
941,942,387.828
942,943,228.771
943,944,773.665
944,945,630.191
945,946,857.574
946,947,458.272
947,948,541.356
948,949,443.266
949,950,238.648
950,951,968.349
951,952,569.285
952,953,134.099
953,954,626.322
954,955,749.958
955,956,583.477
956,957,949.574
957,958,868.015
958,959,890.224
959,960,723.078
960,961,651.308
961,962,151.615
962,963,628.746
963,964,647.608
964,965,287.034
965,966,745.714
966,967,133.391
967,968,749.519
968,969,788.867
969,970,959.122
970,971,274.239
971,972,721.247
972,973,818.915
973,974,779.56
974,975,933.639
975,976,933.185
976,977,892.031
977,978,862.696
978,979,653.177
979,980,424.113
980,981,886.474
981,982,757.062
982,983,858.07
983,984,500.363
984,985,337.667
985,986,351.276
986,987,153.925
987,988,397.329
988,989,215.654
989,990,249.492
990,991,438.225
991,992,743.195
992,993,441.504
993,994,500.635
994,995,101.758
995,996,352.761
996,997,150.71
997,998,377.974
998,999,218.699
999,1000,203.288
0,1,783.565
1,2,719.122
2,3,986.758
3,4,197.224
4,5,38.532
5,6,422.954
6,7,957.257
7,8,228.649
8,9,893.263
9,10,153.254
10,11,479.742
11,12,519.214
12,13,752.864
13,14,109.982
14,15,347.663
15,16,74.303
16,17,945.54
17,18,761.119
18,19,959.084
19,20,598.184
20,21,442.274
21,22,759.864
22,23,264.967
23,24,312.123
24,25,714.645
25,26,378.919
26,27,404.555
27,28,224.805
28,29,425.697
29,30,595.436
30,31,177.93
31,32,855.397
32,33,733.126
33,34,939.94
34,35,297.053
35,36,692.566
36,37,141.897
37,38,722.127
38,39,518.499
39,40,343.473
40,41,123.767
41,42,932.589
42,43,788.745
43,44,577.82
44,45,181.725
45,46,354.785
46,47,941.031
47,48,188.896
48,49,782.179
49,50,33.318
50,51,128.595
51,52,512.516
52,53,276.83
53,54,758.66
54,55,517.672
55,56,554.936
56,57,954.568
57,58,15.175
58,59,708.879
59,60,997.69
60,61,780.271
61,62,153.782
62,63,419.303
63,64,147.164
64,65,929.061
65,66,176.432
66,67,983.276
67,68,534.13
68,69,910.45
69,70,561.221
70,71,904.887
71,72,835.791
72,73,854.895
73,74,484.144
74,75,544.824
75,76,102.469
76,77,505.891
77,78,468.65
78,79,655.307
79,80,938.887
80,81,830.344
81,82,347.596
82,83,474.288
83,84,663.73
84,85,473.27
85,86,521.193
86,87,584.467
87,88,731.664
88,89,611.586
89,90,654.615
90,91,658.872
91,92,449.771
92,93,586.639
93,94,695.155
94,95,483.052
95,96,176.827
96,97,259.636
97,98,247.872
98,99,324.142
99,100,802.258
100,101,107.916
101,102,724.047
102,103,846.284
103,104,390.218
104,105,346.497
105,106,107.588
106,107,972.516
107,108,393.815
108,109,915.919
109,110,15.23
110,111,395.109
111,112,176.14
112,113,683.575
113,114,248.206
114,115,339.156
115,116,564.856
116,117,220.99
117,118,351.946
118,119,455.039
119,120,492.133
120,121,328.082
121,122,210.59
122,123,466.267
123,124,633.562
124,125,414.173
125,126,1.172
126,127,292.019
127,128,239.602
128,129,326.593
129,130,255.643
130,131,59.369
131,132,62.854
132,133,340.985
133,134,258.163
134,135,212.333
135,136,738.32
136,137,275.409
137,138,283.014
138,139,738.132
139,140,447.405
140,141,60.199
141,142,546.834
142,143,166.981
143,144,281.415
144,145,460.176
145,146,55.741
146,147,230.244
147,148,410.034
148,149,335.272
149,150,226.03
150,151,534.5
151,152,387.202
152,153,771.412
153,154,956.749
154,155,770.733
155,156,632.691
156,157,371.142
157,158,292.741
158,159,529.839
159,160,866.228
160,161,342.197
161,162,355.678
162,163,518.495
163,164,13.682
164,165,728.052
165,166,749.065
166,167,805.232
167,168,774.717
168,169,294.093
169,170,704.948
170,171,54.493
171,172,78.681
172,173,888.603
173,174,808.9
174,175,184.486
175,176,711.638
176,177,451.579
177,178,97.229
178,179,469.7
179,180,412.622
180,181,76.911
181,182,689.753
182,183,817.175
183,184,814.145
184,185,582.447
185,186,643.904
186,187,8.843
187,188,216.947
188,189,930.815
189,190,947.46
190,191,753.199
191,192,185.23
192,193,443.192
193,194,280.806
194,195,424.227
195,196,461.003
196,197,580.502
197,198,360.007
198,199,122.955
199,200,643.771
200,201,336.228
201,202,459.175
202,203,559.066
203,204,500.282
204,205,752.976
205,206,466.359
206,207,660.31
207,208,108.706
208,209,309.985
209,210,574.047
210,211,939.445
211,212,895.067
212,213,209.429
213,214,74.069
214,215,231.711
215,216,181.435
216,217,107.347
217,218,273.67
218,219,9.964
219,220,740.766
220,221,867.583
221,222,233.202
222,223,416.601
223,224,200.497
224,225,452.494
225,226,306.299
226,227,608.277
227,228,427.051
228,229,728.373
229,230,918.993
230,231,377.578
231,232,620.122
232,233,329.128
233,234,798.938
234,235,343.864
235,236,506.226
236,237,466.187
237,238,130.416
238,239,305.57
239,240,547.54
240,241,78.331
241,242,946.385
242,243,453.355
243,244,120.344
244,245,955.256
245,246,265.265
246,247,66.328
247,248,393.033
248,249,720.762
249,250,133.038
250,251,811.368
251,252,285.705
252,253,94.675
253,254,880.72
254,255,107.467
255,256,956.444
256,257,616.271
257,258,229.902
258,259,287.04
259,260,148.814
260,261,294.863
261,262,462.487
262,263,268.512
263,264,684.487
264,265,520.436
265,266,385.694
266,267,625.889
267,268,341.343
268,269,255.07
269,270,145.303
270,271,27.442
271,272,942.117
272,273,686.726
273,274,252.615
274,275,923.095
275,276,620.314
276,277,757.674
277,278,486.473
278,279,915.959
279,280,585.573
280,281,708.954
281,282,712.741
282,283,142.247
283,284,272.768
284,285,969.532
285,286,888.847
286,287,675.979
287,288,467.883
288,289,310.892
289,290,686.869
290,291,651.833
291,292,618.217
292,293,233.774
293,294,381.175
294,295,709.22
295,296,854.452
296,297,102.621
297,298,784.874
298,299,256.436
299,300,812.741
300,301,64.563
301,302,281.256
302,303,38.558
303,304,419.327
304,305,585.117
305,306,407.558
306,307,289.431
307,308,868.686
308,309,777.662
309,310,394.451
310,311,53.38
311,312,450.945
312,313,994.164
313,314,491.936
314,315,809.912
315,316,906.246
316,317,734.768
317,318,911.664
318,319,790.344
319,320,188.547
320,321,370.024
321,322,461.131
322,323,733.579
323,324,680.522
324,325,359.606
325,326,542.502
326,327,584.425
327,328,902.246
328,329,517.545
329,330,447.864
330,331,962.853
331,332,280.123
332,333,436.979
333,334,613.818
334,335,260.477
335,336,262.713
336,337,630.897
337,338,419.995
338,339,97.805
339,340,375.054
340,341,114.676
341,342,312.895
342,343,848.354
343,344,428.396
344,345,272.326
345,346,55.429
346,347,956.589
347,348,978.158
348,349,875.442
349,350,688.515
350,351,917.037
351,352,559.705
352,353,747.464
353,354,464.51
354,355,555.71
355,356,400.58
356,357,254.555
357,358,298.76
358,359,523.197
359,360,534.662
360,361,373.214
361,362,62.135
362,363,862.713
363,364,120.468
364,365,15.462
365,366,381.362
366,367,894.636
367,368,537.21
368,369,445.507
369,370,588.926
370,371,331.213
371,372,648.347
372,373,915.885
373,374,587.928
374,375,637.707
375,376,42.027
376,377,240.422
377,378,865.618
378,379,824.246
379,380,12.06
380,381,264.502
381,382,250.242
382,383,8.271
383,384,402.564
384,385,234.352
385,386,151.167
386,387,834.185
387,388,810.174
388,389,374.643
389,390,400.977
390,391,415.204
391,392,300.805
392,393,571.516
393,394,12.431
394,395,160.908
395,396,115.362
396,397,460.97
397,398,158.444
398,399,838.496
399,400,52.751
400,401,138.467
401,402,166.225
402,403,954.985
403,404,741.322
404,405,569.055
405,406,401.461
406,407,276.262
407,408,641.692
408,409,218.323
409,410,500.758
410,411,400.463
411,412,767.797
412,413,86.762
413,414,640.738
414,415,159.94
415,416,936.281
416,417,885.551
417,418,302.783
418,419,151.115
419,420,845.755
420,421,546.669
421,422,540.476
422,423,51.359
423,424,994.331
424,425,494.81
425,426,388.312
426,427,604.93
427,428,672.951
428,429,600.598
429,430,289.919
430,431,37.568
431,432,276.702
432,433,42.622
433,434,368.376
434,435,61.907
435,436,265.214
436,437,191.289
437,438,593.646
438,439,716.677
439,440,795.03
440,441,594.394
441,442,15.043
442,443,42.34
443,444,494.505
444,445,635.273
445,446,634.815
446,447,340.337
447,448,641.578
448,449,6.606
449,450,437.967
450,451,427.079
451,452,526.961
452,453,120.498
453,454,199.698
454,455,679.548
455,456,330.727
456,457,561.057
457,458,197.47
458,459,476.447
459,460,269.883
460,461,702.0
461,462,740.302
462,463,732.847
463,464,463.874
464,465,104.199
465,466,567.735
466,467,380.587
467,468,423.056
468,469,120.815
469,470,879.062
470,471,110.564
471,472,217.611
472,473,48.306
473,474,839.474
474,475,429.108
475,476,513.082
476,477,499.923
477,478,297.194
478,479,234.003
479,480,433.589
480,481,197.221
481,482,167.026
482,483,451.472
483,484,24.391
484,485,547.52
485,486,729.299
486,487,221.377
487,488,49.83
488,489,856.737
489,490,671.324
490,491,437.683
491,492,241.101
492,493,584.647
493,494,990.449
494,495,218.4
495,496,976.715
496,497,225.45
497,498,517.022
498,499,92.269
499,500,283.542
500,501,478.135
501,502,154.943
502,503,858.844
503,504,731.109
504,505,901.984
505,506,265.476
506,507,506.439
507,508,741.413
508,509,818.283
509,510,406.591
510,511,478.649
511,512,997.896
512,513,20.208
513,514,419.332
514,515,23.159
515,516,748.605
516,517,211.18
517,518,422.91
518,519,102.677
519,520,392.735
520,521,570.699
521,522,201.664
522,523,737.395
523,524,701.42
524,525,731.562
525,526,280.333
526,527,176.486
527,528,287.084
528,529,607.883
529,530,892.922
530,531,764.383
531,532,616.551
532,533,649.225
533,534,297.075
534,535,631.298
535,536,352.407
536,537,975.102
537,538,877.527
538,539,723.018
539,540,539.426
540,541,387.528
541,542,172.981
542,543,250.141
543,544,881.436
544,545,672.942
545,546,772.107
546,547,443.348
547,548,343.494
548,549,61.997
549,550,752.343
550,551,859.596
551,552,848.224
552,553,502.187
553,554,889.072
554,555,229.818
555,556,33.654
556,557,175.043
557,558,669.609
558,559,343.243
559,560,810.992
560,561,544.369
561,562,590.77
562,563,265.706
563,564,258.616
564,565,61.312
565,566,268.184
566,567,487.303
567,568,868.071
568,569,533.085
569,570,100.861
570,571,160.243
571,572,958.239
572,573,698.821
573,574,894.177
574,575,13.785
575,576,545.184
576,577,500.329
577,578,624.5
578,579,248.019
579,580,96.834
580,581,99.196
581,582,750.865
582,583,598.123
583,584,264.656
584,585,285.974
585,586,603.4
586,587,316.853
587,588,207.6
588,589,475.339
589,590,350.706
590,591,250.722
591,592,104.78
592,593,262.561
593,594,604.735
594,595,546.674
595,596,409.659
596,597,154.492
597,598,883.771
598,599,956.672
599,600,701.958
600,601,203.862
601,602,318.214
602,603,39.586
603,604,606.128
604,605,5.409
605,606,391.11
606,607,159.483
607,608,823.426
608,609,794.304
609,610,444.403
610,611,282.029
611,612,62.878
612,613,325.159
613,614,665.868
614,615,207.205
615,616,709.846
616,617,209.478
617,618,44.418
618,619,528.787
619,620,650.169
620,621,811.627
621,622,100.637
622,623,28.48
623,624,524.769
624,625,525.325
625,626,362.712
626,627,369.12
627,628,259.867
628,629,327.093
629,630,206.036
630,631,637.568
631,632,476.987
632,633,407.819
633,634,477.285
634,635,971.464
635,636,588.754
636,637,89.597
637,638,139.352
638,639,814.036
639,640,159.331
640,641,117.361
641,642,148.148
642,643,574.148
643,644,908.297
644,645,428.101
645,646,421.697
646,647,998.916
647,648,12.629
648,649,115.671
649,650,754.762
650,651,883.032
651,652,278.197
652,653,931.04
653,654,626.377
654,655,960.163
655,656,538.036
656,657,658.863
657,658,563.165
658,659,490.444
659,660,911.675
660,661,240.868
661,662,31.407
662,663,528.599
663,664,349.752
664,665,810.987
665,666,231.999
666,667,557.457
667,668,730.085
668,669,396.852
669,670,173.858
670,671,536.212
671,672,228.617
672,673,672.047
673,674,446.928
674,675,375.039
675,676,207.38
676,677,958.693
677,678,969.333
678,679,827.998
679,680,409.314
680,681,47.756
681,682,450.382
682,683,971.211
683,684,305.986
684,685,648.83
685,686,578.89
686,687,362.512
687,688,902.703
688,689,551.32
689,690,642.583
690,691,45.942
691,692,815.945
692,693,369.338
693,694,829.554
694,695,446.796
695,696,112.01
696,697,2.231
697,698,545.291
698,699,395.779
699,700,274.838
700,701,256.731
701,702,558.746
702,703,867.223
703,704,176.928
704,705,64.661
705,706,37.189
706,707,499.197
707,708,532.347
708,709,418.749
709,710,173.148
710,711,330.358
711,712,556.605
712,713,990.069
713,714,455.426
714,715,732.639
715,716,92.633
716,717,581.027
717,718,987.111
718,719,297.037
719,720,380.837
720,721,36.073
721,722,778.447
722,723,874.292
723,724,807.872
724,725,504.568
725,726,396.688
726,727,612.107
727,728,188.573
728,729,267.173
729,730,888.764
730,731,434.316
731,732,908.534
732,733,445.091
733,734,972.902
734,735,474.822
735,736,715.397
736,737,429.517
737,738,475.331
738,739,762.58
739,740,686.907
740,741,985.192
741,742,234.166
742,743,450.527
743,744,634.033
744,745,715.952
745,746,352.629
746,747,746.002
747,748,928.105
748,749,806.629
749,750,641.499
750,751,25.405
751,752,83.597
752,753,14.984
753,754,827.925
754,755,454.14
755,756,776.555
756,757,520.565
757,758,256.179
758,759,16.443
759,760,337.014
760,761,765.917
761,762,124.982
762,763,147.918
763,764,205.403
764,765,833.631
765,766,471.184
766,767,739.385
767,768,200.328
768,769,288.157
769,770,388.105
770,771,881.599
771,772,98.012
772,773,694.392
773,774,799.674
774,775,767.234
775,776,769.165
776,777,287.026
777,778,197.902
778,779,992.727
779,780,649.452
780,781,453.011
781,782,887.629
782,783,910.06
783,784,612.625
784,785,463.126
785,786,566.176
786,787,820.156
787,788,841.34
788,789,869.917
789,790,256.064
790,791,591.804
791,792,112.659
792,793,709.51
793,794,190.336
794,795,699.083
795,796,478.159
796,797,696.25
797,798,72.77
798,799,353.361
799,800,270.28
800,801,87.835
801,802,736.636
802,803,753.498
803,804,593.224
804,805,556.952
805,806,134.435
806,807,8.282
807,808,571.102
808,809,38.663
809,810,571.222
810,811,955.759
811,812,376.701
812,813,820.867
813,814,245.931
814,815,363.807
815,816,582.137
816,817,923.336
817,818,518.013
818,819,528.237
819,820,115.533
820,821,913.019
821,822,453.343
822,823,187.402
823,824,437.77
824,825,568.481
825,826,899.657
826,827,772.795
827,828,462.383
828,829,563.281
829,830,232.201
830,831,618.434
831,832,391.252
832,833,809.389
833,834,114.891
834,835,327.769
835,836,409.654
836,837,713.571
837,838,614.497
838,839,858.727
839,840,925.444
840,841,521.426
841,842,523.294
842,843,26.269
843,844,557.505
844,845,480.834
845,846,206.096
846,847,869.745
847,848,690.05
848,849,269.257
849,850,587.995
850,851,679.796
851,852,395.157
852,853,709.073
853,854,420.693
854,855,63.142
855,856,576.491
856,857,139.118
857,858,633.131
858,859,75.342
859,860,399.517
860,861,213.783
861,862,528.488
862,863,724.021
863,864,641.451
864,865,472.165
865,866,826.985
866,867,921.846
867,868,737.288
868,869,230.954
869,870,743.01
870,871,508.793
871,872,549.421
872,873,904.404
873,874,62.38
874,875,76.435
875,876,296.196
876,877,839.869
877,878,709.012
878,879,549.287
879,880,217.138
880,881,180.113
881,882,905.917
882,883,406.158
883,884,834.287
884,885,475.178
885,886,236.198
886,887,460.426
887,888,137.624
888,889,600.516
889,890,124.336
890,891,36.87
891,892,574.183
892,893,942.315
893,894,881.129
894,895,285.466
895,896,414.408
896,897,884.301
897,898,932.607
898,899,642.488
899,900,205.895
900,901,927.5
901,902,552.79
902,903,742.325
903,904,791.907
904,905,823.033
905,906,185.992
906,907,197.486
907,908,477.144
908,909,36.155
909,910,60.034
910,911,776.156
911,912,935.024
912,913,179.366
913,914,121.938
914,915,155.581
915,916,579.164
916,917,973.365
917,918,432.176
918,919,922.461
919,920,538.79
920,921,991.241
921,922,260.865
922,923,487.602
923,924,774.101
924,925,491.482
925,926,403.602
926,927,50.794
927,928,3.022
928,929,104.768
929,930,600.362
930,931,707.819
931,932,400.491
932,933,712.782
933,934,167.468
934,935,922.897
935,936,463.455
936,937,749.905
937,938,34.928
938,939,763.527
939,940,442.284
940,941,652.752
941,942,387.828
942,943,228.771
943,944,773.665
944,945,630.191
945,946,857.574
946,947,458.272
947,948,541.356
948,949,443.266
949,950,238.648
950,951,968.349
951,952,569.285
952,953,134.099
953,954,626.322
954,955,749.958
955,956,583.477
956,957,949.574
957,958,868.015
958,959,890.224
959,960,723.078
960,961,651.308
961,962,151.615
962,963,628.746
963,964,647.608
964,965,287.034
965,966,745.714
966,967,133.391
967,968,749.519
968,969,788.867
969,970,959.122
970,971,274.239
971,972,721.247
972,973,818.915
973,974,779.56
974,975,933.639
975,976,933.185
976,977,892.031
977,978,862.696
978,979,653.177
979,980,424.113
980,981,886.474
981,982,757.062
982,983,858.07
983,984,500.363
984,985,337.667
985,986,351.276
986,987,153.925
987,988,397.329
988,989,215.654
989,990,249.492
990,991,438.225
991,992,743.195
992,993,441.504
993,994,500.635
994,995,101.758
995,996,352.761
996,997,150.71
997,998,377.974
998,999,218.699
999,1000,203.288
1000,1,783.565
1001,2,719.122
1002,3,986.758
1003,4,197.224
1004,5,38.532
1005,6,422.954
1006,7,957.257
1007,8,228.649
1008,9,893.263
1009,10,153.254
1010,11,479.742
1011,12,519.214
1012,13,752.864
1013,14,109.982
1014,15,347.663
1015,16,74.303
1016,17,945.54
1017,18,761.119
1018,19,959.084
1019,20,598.184
1020,21,442.274
1021,22,759.864
1022,23,264.967
1023,24,312.123
1024,25,714.645
1025,26,378.919
1026,27,404.555
1027,28,224.805
1028,29,425.697
1029,30,595.436
1030,31,177.93
1031,32,855.397
1032,33,733.126
1033,34,939.94
1034,35,297.053
1035,36,692.566
1036,37,141.897
1037,38,722.127
1038,39,518.499
1039,40,343.473
1040,41,123.767
1041,42,932.589
1042,43,788.745
1043,44,577.82
1044,45,181.725
1045,46,354.785
1046,47,941.031
1047,48,188.896
1048,49,782.179
1049,50,33.318
1050,51,128.595
1051,52,512.516
1052,53,276.83
1053,54,758.66
1054,55,517.672
1055,56,554.936
1056,57,954.568
1057,58,15.175
1058,59,708.879
1059,60,997.69
1060,61,780.271
1061,62,153.782
1062,63,419.303
1063,64,147.164
1064,65,929.061
1065,66,176.432
1066,67,983.276
1067,68,534.13
1068,69,910.45
1069,70,561.221
1070,71,904.887
1071,72,835.791
1072,73,854.895
1073,74,484.144
1074,75,544.824
1075,76,102.469
1076,77,505.891
1077,78,468.65
1078,79,655.307
1079,80,938.887
1080,81,830.344
1081,82,347.596
1082,83,474.288
1083,84,663.73
1084,85,473.27
1085,86,521.193
1086,87,584.467
1087,88,731.664
1088,89,611.586
1089,90,654.615
1090,91,658.872
1091,92,449.771
1092,93,586.639
1093,94,695.155
1094,95,483.052
1095,96,176.827
1096,97,259.636
1097,98,247.872
1098,99,324.142
1099,100,802.258
1100,101,107.916
1101,102,724.047
1102,103,846.284
1103,104,390.218
1104,105,346.497
1105,106,107.588
1106,107,972.516
1107,108,393.815
1108,109,915.919
1109,110,15.23
1110,111,395.109
1111,112,176.14
1112,113,683.575
1113,114,248.206
1114,115,339.156
1115,116,564.856
1116,117,220.99
1117,118,351.946
1118,119,455.039
1119,120,492.133
1120,121,328.082
1121,122,210.59
1122,123,466.267
1123,124,633.562
1124,125,414.173
1125,126,1.172
1126,127,292.019
1127,128,239.602
1128,129,326.593
1129,130,255.643
1130,131,59.369
1131,132,62.854
1132,133,340.985
1133,134,258.163
1134,135,212.333
1135,136,738.32
1136,137,275.409
1137,138,283.014
1138,139,738.132
1139,140,447.405
1140,141,60.199
1141,142,546.834
1142,143,166.981
1143,144,281.415
1144,145,460.176
1145,146,55.741
1146,147,230.244
1147,148,410.034
1148,149,335.272
1149,150,226.03
1150,151,534.5
1151,152,387.202
1152,153,771.412
1153,154,956.749
1154,155,770.733
1155,156,632.691
1156,157,371.142
1157,158,292.741
1158,159,529.839
1159,160,866.228
1160,161,342.197
1161,162,355.678
1162,163,518.495
1163,164,13.682
1164,165,728.052
1165,166,749.065
1166,167,805.232
1167,168,774.717
1168,169,294.093
1169,170,704.948
1170,171,54.493
1171,172,78.681
1172,173,888.603
1173,174,808.9
1174,175,184.486
1175,176,711.638
1176,177,451.579
1177,178,97.229
1178,179,469.7
1179,180,412.622
1180,181,76.911
1181,182,689.753
1182,183,817.175
1183,184,814.145
1184,185,582.447
1185,186,643.904
1186,187,8.843
1187,188,216.947
1188,189,930.815
1189,190,947.46
1190,191,753.199
1191,192,185.23
1192,193,443.192
1193,194,280.806
1194,195,424.227
1195,196,461.003
1196,197,580.502
1197,198,360.007
1198,199,122.955
1199,200,643.771
1200,201,336.228
1201,202,459.175
1202,203,559.066
1203,204,500.282
1204,205,752.976
1205,206,466.359
1206,207,660.31
1207,208,108.706
1208,209,309.985
1209,210,574.047
1210,211,939.445
1211,212,895.067
1212,213,209.429
1213,214,74.069
1214,215,231.711
1215,216,181.435
1216,217,107.347
1217,218,273.67
1218,219,9.964
1219,220,740.766
1220,221,867.583
1221,222,233.202
1222,223,416.601
1223,224,200.497
1224,225,452.494
1225,226,306.299
1226,227,608.277
1227,228,427.051
1228,229,728.373
1229,230,918.993
1230,231,377.578
1231,232,620.122
1232,233,329.128
1233,234,798.938
1234,235,343.864
1235,236,506.226
1236,237,466.187
1237,238,130.416
1238,239,305.57
1239,240,547.54
1240,241,78.331
1241,242,946.385
1242,243,453.355
1243,244,120.344
1244,245,955.256
1245,246,265.265
1246,247,66.328
1247,248,393.033
1248,249,720.762
1249,250,133.038
1250,251,811.368
1251,252,285.705
1252,253,94.675
1253,254,880.72
1254,255,107.467
1255,256,956.444
1256,257,616.271
1257,258,229.902
1258,259,287.04
1259,260,148.814
1260,261,294.863
1261,262,462.487
1262,263,268.512
1263,264,684.487
1264,265,520.436
1265,266,385.694
1266,267,625.889
1267,268,341.343
1268,269,255.07
1269,270,145.303
1270,271,27.442
1271,272,942.117
1272,273,686.726
1273,274,252.615
1274,275,923.095
1275,276,620.314
1276,277,757.674
1277,278,486.473
1278,279,915.959
1279,280,585.573
1280,281,708.954
1281,282,712.741
1282,283,142.247
1283,284,272.768
1284,285,969.532
1285,286,888.847
1286,287,675.979
1287,288,467.883
1288,289,310.892
1289,290,686.869
1290,291,651.833
1291,292,618.217
1292,293,233.774
1293,294,381.175
1294,295,709.22
1295,296,854.452
1296,297,102.621
1297,298,784.874
1298,299,256.436
1299,300,812.741
1300,301,64.563
1301,302,281.256
1302,303,38.558
1303,304,419.327
1304,305,585.117
1305,306,407.558
1306,307,289.431
1307,308,868.686
1308,309,777.662
1309,310,394.451
1310,311,53.38
1311,312,450.945
1312,313,994.164
1313,314,491.936
1314,315,809.912
1315,316,906.246
1316,317,734.768
1317,318,911.664
1318,319,790.344
1319,320,188.547
1320,321,370.024
1321,322,461.131
1322,323,733.579
1323,324,680.522
1324,325,359.606
1325,326,542.502
1326,327,584.425
1327,328,902.246
1328,329,517.545
1329,330,447.864
1330,331,962.853
1331,332,280.123
1332,333,436.979
1333,334,613.818
1334,335,260.477
1335,336,262.713
1336,337,630.897
1337,338,419.995
1338,339,97.805
1339,340,375.054
1340,341,114.676
1341,342,312.895
1342,343,848.354
1343,344,428.396
1344,345,272.326
1345,346,55.429
1346,347,956.589
1347,348,978.158
1348,349,875.442
1349,350,688.515
1350,351,917.037
1351,352,559.705
1352,353,747.464
1353,354,464.51
1354,355,555.71
1355,356,400.58
1356,357,254.555
1357,358,298.76
1358,359,523.197
1359,360,534.662
1360,361,373.214
1361,362,62.135
1362,363,862.713
1363,364,120.468
1364,365,15.462
1365,366,381.362
1366,367,894.636
1367,368,537.21
1368,369,445.507
1369,370,588.926
1370,371,331.213
1371,372,648.347
1372,373,915.885
1373,374,587.928
1374,375,637.707
1375,376,42.027
1376,377,240.422
1377,378,865.618
1378,379,824.246
1379,380,12.06
1380,381,264.502
1381,382,250.242
1382,383,8.271
1383,384,402.564
1384,385,234.352
1385,386,151.167
1386,387,834.185
1387,388,810.174
1388,389,374.643
1389,390,400.977
1390,391,415.204
1391,392,300.805
1392,393,571.516
1393,394,12.431
1394,395,160.908
1395,396,115.362
1396,397,460.97
1397,398,158.444
1398,399,838.496
1399,400,52.751
1400,401,138.467
1401,402,166.225
1402,403,954.985
1403,404,741.322
1404,405,569.055
1405,406,401.461
1406,407,276.262
1407,408,641.692
1408,409,218.323
1409,410,500.758
1410,411,400.463
1411,412,767.797
1412,413,86.762
1413,414,640.738
1414,415,159.94
1415,416,936.281
1416,417,885.551
1417,418,302.783
1418,419,151.115
1419,420,845.755
1420,421,546.669
1421,422,540.476
1422,423,51.359
1423,424,994.331
1424,425,494.81
1425,426,388.312
1426,427,604.93
1427,428,672.951
1428,429,600.598
1429,430,289.919
1430,431,37.568
1431,432,276.702
1432,433,42.622
1433,434,368.376
1434,435,61.907
1435,436,265.214
1436,437,191.289
1437,438,593.646
1438,439,716.677
1439,440,795.03
1440,441,594.394
1441,442,15.043
1442,443,42.34
1443,444,494.505
1444,445,635.273
1445,446,634.815
1446,447,340.337
1447,448,641.578
1448,449,6.606
1449,450,437.967
1450,451,427.079
1451,452,526.961
1452,453,120.498
1453,454,199.698
1454,455,679.548
1455,456,330.727
1456,457,561.057
1457,458,197.47
1458,459,476.447
1459,460,269.883
1460,461,702.0
1461,462,740.302
1462,463,732.847
1463,464,463.874
1464,465,104.199
1465,466,567.735
1466,467,380.587
1467,468,423.056
1468,469,120.815
1469,470,879.062
1470,471,110.564
1471,472,217.611
1472,473,48.306
1473,474,839.474
1474,475,429.108
1475,476,513.082
1476,477,499.923
1477,478,297.194
1478,479,234.003
1479,480,433.589
1480,481,197.221
1481,482,167.026
1482,483,451.472
1483,484,24.391
1484,485,547.52
1485,486,729.299
1486,487,221.377
1487,488,49.83
1488,489,856.737
1489,490,671.324
1490,491,437.683
1491,492,241.101
1492,493,584.647
1493,494,990.449
1494,495,218.4
1495,496,976.715
1496,497,225.45
1497,498,517.022
1498,499,92.269
1499,500,283.542
1500,501,478.135
1501,502,154.943
1502,503,858.844
1503,504,731.109
1504,505,901.984
1505,506,265.476
1506,507,506.439
1507,508,741.413
1508,509,818.283
1509,510,406.591
1510,511,478.649
1511,512,997.896
1512,513,20.208
1513,514,419.332
1514,515,23.159
1515,516,748.605
1516,517,211.18
1517,518,422.91
1518,519,102.677
1519,520,392.735
1520,521,570.699
1521,522,201.664
1522,523,737.395
1523,524,701.42
1524,525,731.562
1525,526,280.333
1526,527,176.486
1527,528,287.084
1528,529,607.883
1529,530,892.922
1530,531,764.383
1531,532,616.551
1532,533,649.225
1533,534,297.075
1534,535,631.298
1535,536,352.407
1536,537,975.102
1537,538,877.527
1538,539,723.018
1539,540,539.426
1540,541,387.528
1541,542,172.981
1542,543,250.141
1543,544,881.436
1544,545,672.942
1545,546,772.107
1546,547,443.348
1547,548,343.494
1548,549,61.997
1549,550,752.343
1550,551,859.596
1551,552,848.224
1552,553,502.187
1553,554,889.072
1554,555,229.818
1555,556,33.654
1556,557,175.043
1557,558,669.609
1558,559,343.243
1559,560,810.992
1560,561,544.369
1561,562,590.77
1562,563,265.706
1563,564,258.616
1564,565,61.312
1565,566,268.184
1566,567,487.303
1567,568,868.071
1568,569,533.085
1569,570,100.861
1570,571,160.243
1571,572,958.239
1572,573,698.821
1573,574,894.177
1574,575,13.785
1575,576,545.184
1576,577,500.329
1577,578,624.5
1578,579,248.019
1579,580,96.834
1580,581,99.196
1581,582,750.865
1582,583,598.123
1583,584,264.656
1584,585,285.974
1585,586,603.4
1586,587,316.853
1587,588,207.6
1588,589,475.339
1589,590,350.706
1590,591,250.722
1591,592,104.78
1592,593,262.561
1593,594,604.735
1594,595,546.674
1595,596,409.659
1596,597,154.492
1597,598,883.771
1598,599,956.672
1599,600,701.958
1600,601,203.862
1601,602,318.214
1602,603,39.586
1603,604,606.128
1604,605,5.409
1605,606,391.11
1606,607,159.483
1607,608,823.426
1608,609,794.304
1609,610,444.403
1610,611,282.029
1611,612,62.878
1612,613,325.159
1613,614,665.868
1614,615,207.205
1615,616,709.846
1616,617,209.478
1617,618,44.418
1618,619,528.787
1619,620,650.169
1620,621,811.627
1621,622,100.637
1622,623,28.48
1623,624,524.769
1624,625,525.325
1625,626,362.712
1626,627,369.12
1627,628,259.867
1628,629,327.093
1629,630,206.036
1630,631,637.568
1631,632,476.987
1632,633,407.819
1633,634,477.285
1634,635,971.464
1635,636,588.754
1636,637,89.597
1637,638,139.352
1638,639,814.036
1639,640,159.331
1640,641,117.361
1641,642,148.148
1642,643,574.148
1643,644,908.297
1644,645,428.101
1645,646,421.697
1646,647,998.916
1647,648,12.629
1648,649,115.671
1649,650,754.762
1650,651,883.032
1651,652,278.197
1652,653,931.04
1653,654,626.377
1654,655,960.163
1655,656,538.036
1656,657,658.863
1657,658,563.165
1658,659,490.444
1659,660,911.675
1660,661,240.868
1661,662,31.407
1662,663,528.599
1663,664,349.752
1664,665,810.987
1665,666,231.999
1666,667,557.457
1667,668,730.085
1668,669,396.852
1669,670,173.858
1670,671,536.212
1671,672,228.617
1672,673,672.047
1673,674,446.928
1674,675,375.039
1675,676,207.38
1676,677,958.693
1677,678,969.333
1678,679,827.998
1679,680,409.314
1680,681,47.756
1681,682,450.382
1682,683,971.211
1683,684,305.986
1684,685,648.83
1685,686,578.89
1686,687,362.512
1687,688,902.703
1688,689,551.32
1689,690,642.583
1690,691,45.942
1691,692,815.945
1692,693,369.338
1693,694,829.554
1694,695,446.796
1695,696,112.01
1696,697,2.231
1697,698,545.291
1698,699,395.779
1699,700,274.838
1700,701,256.731
1701,702,558.746
1702,703,867.223
1703,704,176.928
1704,705,64.661
1705,706,37.189
1706,707,499.197
1707,708,532.347
1708,709,418.749
1709,710,173.148
1710,711,330.358
1711,712,556.605
1712,713,990.069
1713,714,455.426
1714,715,732.639
1715,716,92.633
1716,717,581.027
1717,718,987.111
1718,719,297.037
1719,720,380.837
1720,721,36.073
1721,722,778.447
1722,723,874.292
1723,724,807.872
1724,725,504.568
1725,726,396.688
1726,727,612.107
1727,728,188.573
1728,729,267.173
1729,730,888.764
1730,731,434.316
1731,732,908.534
1732,733,445.091
1733,734,972.902
1734,735,474.822
1735,736,715.397
1736,737,429.517
1737,738,475.331
1738,739,762.58
1739,740,686.907
1740,741,985.192
1741,742,234.166
1742,743,450.527
1743,744,634.033
1744,745,715.952
1745,746,352.629
1746,747,746.002
1747,748,928.105
1748,749,806.629
1749,750,641.499
1750,751,25.405
1751,752,83.597
1752,753,14.984
1753,754,827.925
1754,755,454.14
1755,756,776.555
1756,757,520.565
1757,758,256.179
1758,759,16.443
1759,760,337.014
1760,761,765.917
1761,762,124.982
1762,763,147.918
1763,764,205.403
1764,765,833.631
1765,766,471.184
1766,767,739.385
1767,768,200.328
1768,769,288.157
1769,770,388.105
1770,771,881.599
1771,772,98.012
1772,773,694.392
1773,774,799.674
1774,775,767.234
1775,776,769.165
1776,777,287.026
1777,778,197.902
1778,779,992.727
1779,780,649.452
1780,781,453.011
1781,782,887.629
1782,783,910.06
1783,784,612.625
1784,785,463.126
1785,786,566.176
1786,787,820.156
1787,788,841.34
1788,789,869.917
1789,790,256.064
1790,791,591.804
1791,792,112.659
1792,793,709.51
1793,794,190.336
1794,795,699.083
1795,796,478.159
1796,797,696.25
1797,798,72.77
1798,799,353.361
1799,800,270.28
1800,801,87.835
1801,802,736.636
1802,803,753.498
1803,804,593.224
1804,805,556.952
1805,806,134.435
1806,807,8.282
1807,808,571.102
1808,809,38.663
1809,810,571.222
1810,811,955.759
1811,812,376.701
1812,813,820.867
1813,814,245.931
1814,815,363.807
1815,816,582.137
1816,817,923.336
1817,818,518.013
1818,819,528.237
1819,820,115.533
1820,821,913.019
1821,822,453.343
1822,823,187.402
1823,824,437.77
1824,825,568.481
1825,826,899.657
1826,827,772.795
1827,828,462.383
1828,829,563.281
1829,830,232.201
1830,831,618.434
1831,832,391.252
1832,833,809.389
1833,834,114.891
1834,835,327.769
1835,836,409.654
1836,837,713.571
1837,838,614.497
1838,839,858.727
1839,840,925.444
1840,841,521.426
1841,842,523.294
1842,843,26.269
1843,844,557.505
1844,845,480.834
1845,846,206.096
1846,847,869.745
1847,848,690.05
1848,849,269.257
1849,850,587.995
1850,851,679.796
1851,852,395.157
1852,853,709.073
1853,854,420.693
1854,855,63.142
1855,856,576.491
1856,857,139.118
1857,858,633.131
1858,859,75.342
1859,860,399.517
1860,861,213.783
1861,862,528.488
1862,863,724.021
1863,864,641.451
1864,865,472.165
1865,866,826.985
1866,867,921.846
1867,868,737.288
1868,869,230.954
1869,870,743.01
1870,871,508.793
1871,872,549.421
1872,873,904.404
1873,874,62.38
1874,875,76.435
1875,876,296.196
1876,877,839.869
1877,878,709.012
1878,879,549.287
1879,880,217.138
1880,881,180.113
1881,882,905.917
1882,883,406.158
1883,884,834.287
1884,885,475.178
1885,886,236.198
1886,887,460.426
1887,888,137.624
1888,889,600.516
1889,890,124.336
1890,891,36.87
1891,892,574.183
1892,893,942.315
1893,894,881.129
1894,895,285.466
1895,896,414.408
1896,897,884.301
1897,898,932.607
1898,899,642.488
1899,900,205.895
1900,901,927.5
1901,902,552.79
1902,903,742.325
1903,904,791.907
1904,905,823.033
1905,906,185.992
1906,907,197.486
1907,908,477.144
1908,909,36.155
1909,910,60.034
1910,911,776.156
1911,912,935.024
1912,913,179.366
1913,914,121.938
1914,915,155.581
1915,916,579.164
1916,917,973.365
1917,918,432.176
1918,919,922.461
1919,920,538.79
1920,921,991.241
1921,922,260.865
1922,923,487.602
1923,924,774.101
1924,925,491.482
1925,926,403.602
1926,927,50.794
1927,928,3.022
1928,929,104.768
1929,930,600.362
1930,931,707.819
1931,932,400.491
1932,933,712.782
1933,934,167.468
1934,935,922.897
1935,936,463.455
1936,937,749.905
1937,938,34.928
1938,939,763.527
1939,940,442.284
1940,941,652.752
1941,942,387.828
1942,943,228.771
1943,944,773.665
1944,945,630.191
1945,946,857.574
1946,947,458.272
1947,948,541.356
1948,949,443.266
1949,950,238.648
1950,951,968.349
1951,952,569.285
1952,953,134.099
1953,954,626.322
1954,955,749.958
1955,956,583.477
1956,957,949.574
1957,958,868.015
1958,959,890.224
1959,960,723.078
1960,961,651.308
1961,962,151.615
1962,963,628.746
1963,964,647.608
1964,965,287.034
1965,966,745.714
1966,967,133.391
1967,968,749.519
1968,969,788.867
1969,970,959.122
1970,971,274.239
1971,972,721.247
1972,973,818.915
1973,974,779.56
1974,975,933.639
1975,976,933.185
1976,977,892.031
1977,978,862.696
1978,979,653.177
1979,980,424.113
1980,981,886.474
1981,982,757.062
1982,983,858.07
1983,984,500.363
1984,985,337.667
1985,986,351.276
1986,987,153.925
1987,988,397.329
1988,989,215.654
1989,990,249.492
1990,991,438.225
1991,992,743.195
1992,993,441.504
1993,994,500.635
1994,995,101.758
1995,996,352.761
1996,997,150.71
1997,998,377.974
1998,999,218.699
1999,1000,203.288
2000,1,783.565
2001,2,719.122
2002,3,986.758
2003,4,197.224
2004,5,38.532
2005,6,422.954
2006,7,957.257
2007,8,228.649
2008,9,893.263
2009,10,153.254
2010,11,479.742
2011,12,519.214
2012,13,752.864
2013,14,109.982
2014,15,347.663
2015,16,74.303
2016,17,945.54
2017,18,761.119
2018,19,959.084
2019,20,598.184
2020,21,442.274
2021,22,759.864
2022,23,264.967
2023,24,312.123
2024,25,714.645
2025,26,378.919
2026,27,404.555
2027,28,224.805
2028,29,425.697
2029,30,595.436
2030,31,177.93
2031,32,855.397
2032,33,733.126
2033,34,939.94
2034,35,297.053
2035,36,692.566
2036,37,141.897
2037,38,722.127
2038,39,518.499
2039,40,343.473
2040,41,123.767
2041,42,932.589
2042,43,788.745
2043,44,577.82
2044,45,181.725
2045,46,354.785
2046,47,941.031
2047,48,188.896
2048,49,782.179
2049,50,33.318
2050,51,128.595
2051,52,512.516
2052,53,276.83
2053,54,758.66
2054,55,517.672
2055,56,554.936
2056,57,954.568
2057,58,15.175
2058,59,708.879
2059,60,997.69
2060,61,780.271
2061,62,153.782
2062,63,419.303
2063,64,147.164
2064,65,929.061
2065,66,176.432
2066,67,983.276
2067,68,534.13
2068,69,910.45
2069,70,561.221
2070,71,904.887
2071,72,835.791
2072,73,854.895
2073,74,484.144
2074,75,544.824
2075,76,102.469
2076,77,505.891
2077,78,468.65
2078,79,655.307
2079,80,938.887
2080,81,830.344
2081,82,347.596
2082,83,474.288
2083,84,663.73
2084,85,473.27
2085,86,521.193
2086,87,584.467
2087,88,731.664
2088,89,611.586
2089,90,654.615
2090,91,658.872
2091,92,449.771
2092,93,586.639
2093,94,695.155
2094,95,483.052
2095,96,176.827
2096,97,259.636
2097,98,247.872
2098,99,324.142
2099,100,802.258
2100,101,107.916
2101,102,724.047
2102,103,846.284
2103,104,390.218
2104,105,346.497
2105,106,107.588
2106,107,972.516
2107,108,393.815
2108,109,915.919
2109,110,15.23
2110,111,395.109
2111,112,176.14
2112,113,683.575
2113,114,248.206
2114,115,339.156
2115,116,564.856
2116,117,220.99
2117,118,351.946
2118,119,455.039
2119,120,492.133
2120,121,328.082
2121,122,210.59
2122,123,466.267
2123,124,633.562
2124,125,414.173
2125,126,1.172
2126,127,292.019
2127,128,239.602
2128,129,326.593
2129,130,255.643
2130,131,59.369
2131,132,62.854
2132,133,340.985
2133,134,258.163
2134,135,212.333
2135,136,738.32
2136,137,275.409
2137,138,283.014
2138,139,738.132
2139,140,447.405
2140,141,60.199
2141,142,546.834
2142,143,166.981
2143,144,281.415
2144,145,460.176
2145,146,55.741
2146,147,230.244
2147,148,410.034
2148,149,335.272
2149,150,226.03
2150,151,534.5
2151,152,387.202
2152,153,771.412
2153,154,956.749
2154,155,770.733
2155,156,632.691
2156,157,371.142
2157,158,292.741
2158,159,529.839
2159,160,866.228
2160,161,342.197
2161,162,355.678
2162,163,518.495
2163,164,13.682
2164,165,728.052
2165,166,749.065
2166,167,805.232
2167,168,774.717
2168,169,294.093
2169,170,704.948
2170,171,54.493
2171,172,78.681
2172,173,888.603
2173,174,808.9
2174,175,184.486
2175,176,711.638
2176,177,451.579
2177,178,97.229
2178,179,469.7
2179,180,412.622
2180,181,76.911
2181,182,689.753
2182,183,817.175
2183,184,814.145
2184,185,582.447
2185,186,643.904
2186,187,8.843
2187,188,216.947
2188,189,930.815
2189,190,947.46
2190,191,753.199
2191,192,185.23
2192,193,443.192
2193,194,280.806
2194,195,424.227
2195,196,461.003
2196,197,580.502
2197,198,360.007
2198,199,122.955
2199,200,643.771
2200,201,336.228
2201,202,459.175
2202,203,559.066
2203,204,500.282
2204,205,752.976
2205,206,466.359
2206,207,660.31
2207,208,108.706
2208,209,309.985
2209,210,574.047
2210,211,939.445
2211,212,895.067
2212,213,209.429
2213,214,74.069
2214,215,231.711
2215,216,181.435
2216,217,107.347
2217,218,273.67
2218,219,9.964
2219,220,740.766
2220,221,867.583
2221,222,233.202
2222,223,416.601
2223,224,200.497
2224,225,452.494
2225,226,306.299
2226,227,608.277
2227,228,427.051
2228,229,728.373
2229,230,918.993
2230,231,377.578
2231,232,620.122
2232,233,329.128
2233,234,798.938
2234,235,343.864
2235,236,506.226
2236,237,466.187
2237,238,130.416
2238,239,305.57
2239,240,547.54
2240,241,78.331
2241,242,946.385
2242,243,453.355
2243,244,120.344
2244,245,955.256
2245,246,265.265
2246,247,66.328
2247,248,393.033
2248,249,720.762
2249,250,133.038
2250,251,811.368
2251,252,285.705
2252,253,94.675
2253,254,880.72
2254,255,107.467
2255,256,956.444
2256,257,616.271
2257,258,229.902
2258,259,287.04
2259,260,148.814
2260,261,294.863
2261,262,462.487
2262,263,268.512
2263,264,684.487
2264,265,520.436
2265,266,385.694
2266,267,625.889
2267,268,341.343
2268,269,255.07
2269,270,145.303
2270,271,27.442
2271,272,942.117
2272,273,686.726
2273,274,252.615
2274,275,923.095
2275,276,620.314
2276,277,757.674
2277,278,486.473
2278,279,915.959
2279,280,585.573
2280,281,708.954
2281,282,712.741
2282,283,142.247
2283,284,272.768
2284,285,969.532
2285,286,888.847
2286,287,675.979
2287,288,467.883
2288,289,310.892
2289,290,686.869
2290,291,651.833
2291,292,618.217
2292,293,233.774
2293,294,381.175
2294,295,709.22
2295,296,854.452
2296,297,102.621
2297,298,784.874
2298,299,256.436
2299,300,812.741
2300,301,64.563
2301,302,281.256
2302,303,38.558
2303,304,419.327
2304,305,585.117
2305,306,407.558
2306,307,289.431
2307,308,868.686
2308,309,777.662
2309,310,394.451
2310,311,53.38
2311,312,450.945
2312,313,994.164
2313,314,491.936
2314,315,809.912
2315,316,906.246
2316,317,734.768
2317,318,911.664
2318,319,790.344
2319,320,188.547
2320,321,370.024
2321,322,461.131
2322,323,733.579
2323,324,680.522
2324,325,359.606
2325,326,542.502
2326,327,584.425
2327,328,902.246
2328,329,517.545
2329,330,447.864
2330,331,962.853
2331,332,280.123
2332,333,436.979
2333,334,613.818
2334,335,260.477
2335,336,262.713
2336,337,630.897
2337,338,419.995
2338,339,97.805
2339,340,375.054
2340,341,114.676
2341,342,312.895
2342,343,848.354
2343,344,428.396
2344,345,272.326
2345,346,55.429
2346,347,956.589
2347,348,978.158
2348,349,875.442
2349,350,688.515
2350,351,917.037
2351,352,559.705
2352,353,747.464
2353,354,464.51
2354,355,555.71
2355,356,400.58
2356,357,254.555
2357,358,298.76
2358,359,523.197
2359,360,534.662
2360,361,373.214
2361,362,62.135
2362,363,862.713
2363,364,120.468
2364,365,15.462
2365,366,381.362
2366,367,894.636
2367,368,537.21
2368,369,445.507
2369,370,588.926
2370,371,331.213
2371,372,648.347
2372,373,915.885
2373,374,587.928
2374,375,637.707
2375,376,42.027
2376,377,240.422
2377,378,865.618
2378,379,824.246
2379,380,12.06
2380,381,264.502
2381,382,250.242
2382,383,8.271
2383,384,402.564
2384,385,234.352
2385,386,151.167
2386,387,834.185
2387,388,810.174
2388,389,374.643
2389,390,400.977
2390,391,415.204
2391,392,300.805
2392,393,571.516
2393,394,12.431
2394,395,160.908
2395,396,115.362
2396,397,460.97
2397,398,158.444
2398,399,838.496
2399,400,52.751
2400,401,138.467
2401,402,166.225
2402,403,954.985
2403,404,741.322
2404,405,569.055
2405,406,401.461
2406,407,276.262
2407,408,641.692
2408,409,218.323
2409,410,500.758
2410,411,400.463
2411,412,767.797
2412,413,86.762
2413,414,640.738
2414,415,159.94
2415,416,936.281
2416,417,885.551
2417,418,302.783
2418,419,151.115
2419,420,845.755
2420,421,546.669
2421,422,540.476
2422,423,51.359
2423,424,994.331
2424,425,494.81
2425,426,388.312
2426,427,604.93
2427,428,672.951
2428,429,600.598
2429,430,289.919
2430,431,37.568
2431,432,276.702
2432,433,42.622
2433,434,368.376
2434,435,61.907
2435,436,265.214
2436,437,191.289
2437,438,593.646
2438,439,716.677
2439,440,795.03
2440,441,594.394
2441,442,15.043
2442,443,42.34
2443,444,494.505
2444,445,635.273
2445,446,634.815
2446,447,340.337
2447,448,641.578
2448,449,6.606
2449,450,437.967
2450,451,427.079
2451,452,526.961
2452,453,120.498
2453,454,199.698
2454,455,679.548
2455,456,330.727
2456,457,561.057
2457,458,197.47
2458,459,476.447
2459,460,269.883
2460,461,702.0
2461,462,740.302
2462,463,732.847
2463,464,463.874
2464,465,104.199
2465,466,567.735
2466,467,380.587
2467,468,423.056
2468,469,120.815
2469,470,879.062
2470,471,110.564
2471,472,217.611
2472,473,48.306
2473,474,839.474
2474,475,429.108
2475,476,513.082
2476,477,499.923
2477,478,297.194
2478,479,234.003
2479,480,433.589
2480,481,197.221
2481,482,167.026
2482,483,451.472
2483,484,24.391
2484,485,547.52
2485,486,729.299
2486,487,221.377
2487,488,49.83
2488,489,856.737
2489,490,671.324
2490,491,437.683
2491,492,241.101
2492,493,584.647
2493,494,990.449
2494,495,218.4
2495,496,976.715
2496,497,225.45
2497,498,517.022
2498,499,92.269
2499,500,283.542
2500,501,478.135
2501,502,154.943
2502,503,858.844
2503,504,731.109
2504,505,901.984
2505,506,265.476
2506,507,506.439
2507,508,741.413
2508,509,818.283
2509,510,406.591
2510,511,478.649
2511,512,997.896
2512,513,20.208
2513,514,419.332
2514,515,23.159
2515,516,748.605
2516,517,211.18
2517,518,422.91
2518,519,102.677
2519,520,392.735
2520,521,570.699
2521,522,201.664
2522,523,737.395
2523,524,701.42
2524,525,731.562
2525,526,280.333
2526,527,176.486
2527,528,287.084
2528,529,607.883
2529,530,892.922
2530,531,764.383
2531,532,616.551
2532,533,649.225
2533,534,297.075
2534,535,631.298
2535,536,352.407
2536,537,975.102
2537,538,877.527
2538,539,723.018
2539,540,539.426
2540,541,387.528
2541,542,172.981
2542,543,250.141
2543,544,881.436
2544,545,672.942
2545,546,772.107
2546,547,443.348
2547,548,343.494
2548,549,61.997
2549,550,752.343
2550,551,859.596
2551,552,848.224
2552,553,502.187
2553,554,889.072
2554,555,229.818
2555,556,33.654
2556,557,175.043
2557,558,669.609
2558,559,343.243
2559,560,810.992
2560,561,544.369
2561,562,590.77
2562,563,265.706
2563,564,258.616
2564,565,61.312
2565,566,268.184
2566,567,487.303
2567,568,868.071
2568,569,533.085
2569,570,100.861
2570,571,160.243
2571,572,958.239
2572,573,698.821
2573,574,894.177
2574,575,13.785
2575,576,545.184
2576,577,500.329
2577,578,624.5
2578,579,248.019
2579,580,96.834
2580,581,99.196
2581,582,750.865
2582,583,598.123
2583,584,264.656
2584,585,285.974
2585,586,603.4
2586,587,316.853
2587,588,207.6
2588,589,475.339
2589,590,350.706
2590,591,250.722
2591,592,104.78
2592,593,262.561
2593,594,604.735
2594,595,546.674
2595,596,409.659
2596,597,154.492
2597,598,883.771
2598,599,956.672
2599,600,701.958
2600,601,203.862
2601,602,318.214
2602,603,39.586
2603,604,606.128
2604,605,5.409
2605,606,391.11
2606,607,159.483
2607,608,823.426
2608,609,794.304
2609,610,444.403
2610,611,282.029
2611,612,62.878
2612,613,325.159
2613,614,665.868
2614,615,207.205
2615,616,709.846
2616,617,209.478
2617,618,44.418
2618,619,528.787
2619,620,650.169
2620,621,811.627
2621,622,100.637
2622,623,28.48
2623,624,524.769
2624,625,525.325
2625,626,362.712
2626,627,369.12
2627,628,259.867
2628,629,327.093
2629,630,206.036
2630,631,637.568
2631,632,476.987
2632,633,407.819
2633,634,477.285
2634,635,971.464
2635,636,588.754
2636,637,89.597
2637,638,139.352
2638,639,814.036
2639,640,159.331
2640,641,117.361
2641,642,148.148
2642,643,574.148
2643,644,908.297
2644,645,428.101
2645,646,421.697
2646,647,998.916
2647,648,12.629
2648,649,115.671
2649,650,754.762
2650,651,883.032
2651,652,278.197
2652,653,931.04
2653,654,626.377
2654,655,960.163
2655,656,538.036
2656,657,658.863
2657,658,563.165
2658,659,490.444
2659,660,911.675
2660,661,240.868
2661,662,31.407
2662,663,528.599
2663,664,349.752
2664,665,810.987
2665,666,231.999
2666,667,557.457
2667,668,730.085
2668,669,396.852
2669,670,173.858
2670,671,536.212
2671,672,228.617
2672,673,672.047
2673,674,446.928
2674,675,375.039
2675,676,207.38
2676,677,958.693
2677,678,969.333
2678,679,827.998
2679,680,409.314
2680,681,47.756
2681,682,450.382
2682,683,971.211
2683,684,305.986
2684,685,648.83
2685,686,578.89
2686,687,362.512
2687,688,902.703
2688,689,551.32
2689,690,642.583
2690,691,45.942
2691,692,815.945
2692,693,369.338
2693,694,829.554
2694,695,446.796
2695,696,112.01
2696,697,2.231
2697,698,545.291
2698,699,395.779
2699,700,274.838
2700,701,256.731
2701,702,558.746
2702,703,867.223
2703,704,176.928
2704,705,64.661
2705,706,37.189
2706,707,499.197
2707,708,532.347
2708,709,418.749
2709,710,173.148
2710,711,330.358
2711,712,556.605
2712,713,990.069
2713,714,455.426
2714,715,732.639
2715,716,92.633
2716,717,581.027
2717,718,987.111
2718,719,297.037
2719,720,380.837
2720,721,36.073
2721,722,778.447
2722,723,874.292
2723,724,807.872
2724,725,504.568
2725,726,396.688
2726,727,612.107
2727,728,188.573
2728,729,267.173
2729,730,888.764
2730,731,434.316
2731,732,908.534
2732,733,445.091
2733,734,972.902
2734,735,474.822
2735,736,715.397
2736,737,429.517
2737,738,475.331
2738,739,762.58
2739,740,686.907
2740,741,985.192
2741,742,234.166
2742,743,450.527
2743,744,634.033
2744,745,715.952
2745,746,352.629
2746,747,746.002
2747,748,928.105
2748,749,806.629
2749,750,641.499
2750,751,25.405
2751,752,83.597
2752,753,14.984
2753,754,827.925
2754,755,454.14
2755,756,776.555
2756,757,520.565
2757,758,256.179
2758,759,16.443
2759,760,337.014
2760,761,765.917
2761,762,124.982
2762,763,147.918
2763,764,205.403
2764,765,833.631
2765,766,471.184
2766,767,739.385
2767,768,200.328
2768,769,288.157
2769,770,388.105
2770,771,881.599
2771,772,98.012
2772,773,694.392
2773,774,799.674
2774,775,767.234
2775,776,769.165
2776,777,287.026
2777,778,197.902
2778,779,992.727
2779,780,649.452
2780,781,453.011
2781,782,887.629
2782,783,910.06
2783,784,612.625
2784,785,463.126
2785,786,566.176
2786,787,820.156
2787,788,841.34
2788,789,869.917
2789,790,256.064
2790,791,591.804
2791,792,112.659
2792,793,709.51
2793,794,190.336
2794,795,699.083
2795,796,478.159
2796,797,696.25
2797,798,72.77
2798,799,353.361
2799,800,270.28
2800,801,87.835
2801,802,736.636
2802,803,753.498
2803,804,593.224
2804,805,556.952
2805,806,134.435
2806,807,8.282
2807,808,571.102
2808,809,38.663
2809,810,571.222
2810,811,955.759
2811,812,376.701
2812,813,820.867
2813,814,245.931
2814,815,363.807
2815,816,582.137
2816,817,923.336
2817,818,518.013
2818,819,528.237
2819,820,115.533
2820,821,913.019
2821,822,453.343
2822,823,187.402
2823,824,437.77
2824,825,568.481
2825,826,899.657
2826,827,772.795
2827,828,462.383
2828,829,563.281
2829,830,232.201
2830,831,618.434
2831,832,391.252
2832,833,809.389
2833,834,114.891
2834,835,327.769
2835,836,409.654
2836,837,713.571
2837,838,614.497
2838,839,858.727
2839,840,925.444
2840,841,521.426
2841,842,523.294
2842,843,26.269
2843,844,557.505
2844,845,480.834
2845,846,206.096
2846,847,869.745
2847,848,690.05
2848,849,269.257
2849,850,587.995
2850,851,679.796
2851,852,395.157
2852,853,709.073
2853,854,420.693
2854,855,63.142
2855,856,576.491
2856,857,139.118
2857,858,633.131
2858,859,75.342
2859,860,399.517
2860,861,213.783
2861,862,528.488
2862,863,724.021
2863,864,641.451
2864,865,472.165
2865,866,826.985
2866,867,921.846
2867,868,737.288
2868,869,230.954
2869,870,743.01
2870,871,508.793
2871,872,549.421
2872,873,904.404
2873,874,62.38
2874,875,76.435
2875,876,296.196
2876,877,839.869
2877,878,709.012
2878,879,549.287
2879,880,217.138
2880,881,180.113
2881,882,905.917
2882,883,406.158
2883,884,834.287
2884,885,475.178
2885,886,236.198
2886,887,460.426
2887,888,137.624
2888,889,600.516
2889,890,124.336
2890,891,36.87
2891,892,574.183
2892,893,942.315
2893,894,881.129
2894,895,285.466
2895,896,414.408
2896,897,884.301
2897,898,932.607
2898,899,642.488
2899,900,205.895
2900,901,927.5
2901,902,552.79
2902,903,742.325
2903,904,791.907
2904,905,823.033
2905,906,185.992
2906,907,197.486
2907,908,477.144
2908,909,36.155
2909,910,60.034
2910,911,776.156
2911,912,935.024
2912,913,179.366
2913,914,121.938
2914,915,155.581
2915,916,579.164
2916,917,973.365
2917,918,432.176
2918,919,922.461
2919,920,538.79
2920,921,991.241
2921,922,260.865
2922,923,487.602
2923,924,774.101
2924,925,491.482
2925,926,403.602
2926,927,50.794
2927,928,3.022
2928,929,104.768
2929,930,600.362
2930,931,707.819
2931,932,400.491
2932,933,712.782
2933,934,167.468
2934,935,922.897
2935,936,463.455
2936,937,749.905
2937,938,34.928
2938,939,763.527
2939,940,442.284
2940,941,652.752
2941,942,387.828
2942,943,228.771
2943,944,773.665
2944,945,630.191
2945,946,857.574
2946,947,458.272
2947,948,541.356
2948,949,443.266
2949,950,238.648
2950,951,968.349
2951,952,569.285
2952,953,134.099
2953,954,626.322
2954,955,749.958
2955,956,583.477
2956,957,949.574
2957,958,868.015
2958,959,890.224
2959,960,723.078
2960,961,651.308
2961,962,151.615
2962,963,628.746
2963,964,647.608
2964,965,287.034
2965,966,745.714
2966,967,133.391
2967,968,749.519
2968,969,788.867
2969,970,959.122
2970,971,274.239
2971,972,721.247
2972,973,818.915
2973,974,779.56
2974,975,933.639
2975,976,933.185
2976,977,892.031
2977,978,862.696
2978,979,653.177
2979,980,424.113
2980,981,886.474
2981,982,757.062
2982,983,858.07
2983,984,500.363
2984,985,337.667
2985,986,351.276
2986,987,153.925
2987,988,397.329
2988,989,215.654
2989,990,249.492
2990,991,438.225
2991,992,743.195
2992,993,441.504
2993,994,500.635
2994,995,101.758
2995,996,352.761
2996,997,150.71
2997,998,377.974
2998,999,218.699
2999,1000,203.288
3000,1,783.565
3001,2,719.122
3002,3,986.758
3003,4,197.224
3004,5,38.532
3005,6,422.954
3006,7,957.257
3007,8,228.649
3008,9,893.263
3009,10,153.254
3010,11,479.742
3011,12,519.214
3012,13,752.864
3013,14,109.982
3014,15,347.663
3015,16,74.303
3016,17,945.54
3017,18,761.119
3018,19,959.084
3019,20,598.184
3020,21,442.274
3021,22,759.864
3022,23,264.967
3023,24,312.123
3024,25,714.645
3025,26,378.919
3026,27,404.555
3027,28,224.805
3028,29,425.697
3029,30,595.436
3030,31,177.93
3031,32,855.397
3032,33,733.126
3033,34,939.94
3034,35,297.053
3035,36,692.566
3036,37,141.897
3037,38,722.127
3038,39,518.499
3039,40,343.473
3040,41,123.767
3041,42,932.589
3042,43,788.745
3043,44,577.82
3044,45,181.725
3045,46,354.785
3046,47,941.031
3047,48,188.896
3048,49,782.179
3049,50,33.318
3050,51,128.595
3051,52,512.516
3052,53,276.83
3053,54,758.66
3054,55,517.672
3055,56,554.936
3056,57,954.568
3057,58,15.175
3058,59,708.879
3059,60,997.69
3060,61,780.271
3061,62,153.782
3062,63,419.303
3063,64,147.164
3064,65,929.061
3065,66,176.432
3066,67,983.276
3067,68,534.13
3068,69,910.45
3069,70,561.221
3070,71,904.887
3071,72,835.791
3072,73,854.895
3073,74,484.144
3074,75,544.824
3075,76,102.469
3076,77,505.891
3077,78,468.65
3078,79,655.307
3079,80,938.887
3080,81,830.344
3081,82,347.596
3082,83,474.288
3083,84,663.73
3084,85,473.27
3085,86,521.193
3086,87,584.467
3087,88,731.664
3088,89,611.586
3089,90,654.615
3090,91,658.872
3091,92,449.771
3092,93,586.639
3093,94,695.155
3094,95,483.052
3095,96,176.827
3096,97,259.636
3097,98,247.872
3098,99,324.142
3099,100,802.258
3100,101,107.916
3101,102,724.047
3102,103,846.284
3103,104,390.218
3104,105,346.497
3105,106,107.588
3106,107,972.516
3107,108,393.815
3108,109,915.919
3109,110,15.23
3110,111,395.109
3111,112,176.14
3112,113,683.575
3113,114,248.206
3114,115,339.156
3115,116,564.856
3116,117,220.99
3117,118,351.946
3118,119,455.039
3119,120,492.133
3120,121,328.082
3121,122,210.59
3122,123,466.267
3123,124,633.562
3124,125,414.173
3125,126,1.172
3126,127,292.019
3127,128,239.602
3128,129,326.593
3129,130,255.643
3130,131,59.369
3131,132,62.854
3132,133,340.985
3133,134,258.163
3134,135,212.333
3135,136,738.32
3136,137,275.409
3137,138,283.014
3138,139,738.132
3139,140,447.405
3140,141,60.199
3141,142,546.834
3142,143,166.981
3143,144,281.415
3144,145,460.176
3145,146,55.741
3146,147,230.244
3147,148,410.034
3148,149,335.272
3149,150,226.03
3150,151,534.5
3151,152,387.202
3152,153,771.412
3153,154,956.749
3154,155,770.733
3155,156,632.691
3156,157,371.142
3157,158,292.741
3158,159,529.839
3159,160,866.228
3160,161,342.197
3161,162,355.678
3162,163,518.495
3163,164,13.682
3164,165,728.052
3165,166,749.065
3166,167,805.232
3167,168,774.717
3168,169,294.093
3169,170,704.948
3170,171,54.493
3171,172,78.681
3172,173,888.603
3173,174,808.9
3174,175,184.486
3175,176,711.638
3176,177,451.579
3177,178,97.229
3178,179,469.7
3179,180,412.622
3180,181,76.911
3181,182,689.753
3182,183,817.175
3183,184,814.145
3184,185,582.447
3185,186,643.904
3186,187,8.843
3187,188,216.947
3188,189,930.815
3189,190,947.46
3190,191,753.199
3191,192,185.23
3192,193,443.192
3193,194,280.806
3194,195,424.227
3195,196,461.003
3196,197,580.502
3197,198,360.007
3198,199,122.955
3199,200,643.771
3200,201,336.228
3201,202,459.175
3202,203,559.066
3203,204,500.282
3204,205,752.976
3205,206,466.359
3206,207,660.31
3207,208,108.706
3208,209,309.985
3209,210,574.047
3210,211,939.445
3211,212,895.067
3212,213,209.429
3213,214,74.069
3214,215,231.711
3215,216,181.435
3216,217,107.347
3217,218,273.67
3218,219,9.964
3219,220,740.766
3220,221,867.583
3221,222,233.202
3222,223,416.601
3223,224,200.497
3224,225,452.494
3225,226,306.299
3226,227,608.277
3227,228,427.051
3228,229,728.373
3229,230,918.993
3230,231,377.578
3231,232,620.122
3232,233,329.128
3233,234,798.938
3234,235,343.864
3235,236,506.226
3236,237,466.187
3237,238,130.416
3238,239,305.57
3239,240,547.54
3240,241,78.331
3241,242,946.385
3242,243,453.355
3243,244,120.344
3244,245,955.256
3245,246,265.265
3246,247,66.328
3247,248,393.033
3248,249,720.762
3249,250,133.038
3250,251,811.368
3251,252,285.705
3252,253,94.675
3253,254,880.72
3254,255,107.467
3255,256,956.444
3256,257,616.271
3257,258,229.902
3258,259,287.04
3259,260,148.814
3260,261,294.863
3261,262,462.487
3262,263,268.512
3263,264,684.487
3264,265,520.436
3265,266,385.694
3266,267,625.889
3267,268,341.343
3268,269,255.07
3269,270,145.303
3270,271,27.442
3271,272,942.117
3272,273,686.726
3273,274,252.615
3274,275,923.095
3275,276,620.314
3276,277,757.674
3277,278,486.473
3278,279,915.959
3279,280,585.573
3280,281,708.954
3281,282,712.741
3282,283,142.247
3283,284,272.768
3284,285,969.532
3285,286,888.847
3286,287,675.979
3287,288,467.883
3288,289,310.892
3289,290,686.869
3290,291,651.833
3291,292,618.217
3292,293,233.774
3293,294,381.175
3294,295,709.22
3295,296,854.452
3296,297,102.621
3297,298,784.874
3298,299,256.436
3299,300,812.741
3300,301,64.563
3301,302,281.256
3302,303,38.558
3303,304,419.327
3304,305,585.117
3305,306,407.558
3306,307,289.431
3307,308,868.686
3308,309,777.662
3309,310,394.451
3310,311,53.38
3311,312,450.945
3312,313,994.164
3313,314,491.936
3314,315,809.912
3315,316,906.246
3316,317,734.768
3317,318,911.664
3318,319,790.344
3319,320,188.547
3320,321,370.024
3321,322,461.131
3322,323,733.579
3323,324,680.522
3324,325,359.606
3325,326,542.502
3326,327,584.425
3327,328,902.246
3328,329,517.545
3329,330,447.864
3330,331,962.853
3331,332,280.123
3332,333,436.979
3333,334,613.818
3334,335,260.477
3335,336,262.713
3336,337,630.897
3337,338,419.995
3338,339,97.805
3339,340,375.054
3340,341,114.676
3341,342,312.895
3342,343,848.354
3343,344,428.396
3344,345,272.326
3345,346,55.429
3346,347,956.589
3347,348,978.158
3348,349,875.442
3349,350,688.515
3350,351,917.037
3351,352,559.705
3352,353,747.464
3353,354,464.51
3354,355,555.71
3355,356,400.58
3356,357,254.555
3357,358,298.76
3358,359,523.197
3359,360,534.662
3360,361,373.214
3361,362,62.135
3362,363,862.713
3363,364,120.468
3364,365,15.462
3365,366,381.362
3366,367,894.636
3367,368,537.21
3368,369,445.507
3369,370,588.926
3370,371,331.213
3371,372,648.347
3372,373,915.885
3373,374,587.928
3374,375,637.707
3375,376,42.027
3376,377,240.422
3377,378,865.618
3378,379,824.246
3379,380,12.06
3380,381,264.502
3381,382,250.242
3382,383,8.271
3383,384,402.564
3384,385,234.352
3385,386,151.167
3386,387,834.185
3387,388,810.174
3388,389,374.643
3389,390,400.977
3390,391,415.204
3391,392,300.805
3392,393,571.516
3393,394,12.431
3394,395,160.908
3395,396,115.362
3396,397,460.97
3397,398,158.444
3398,399,838.496
3399,400,52.751
3400,401,138.467
3401,402,166.225
3402,403,954.985
3403,404,741.322
3404,405,569.055
3405,406,401.461
3406,407,276.262
3407,408,641.692
3408,409,218.323
3409,410,500.758
3410,411,400.463
3411,412,767.797
3412,413,86.762
3413,414,640.738
3414,415,159.94
3415,416,936.281
3416,417,885.551
3417,418,302.783
3418,419,151.115
3419,420,845.755
3420,421,546.669
3421,422,540.476
3422,423,51.359
3423,424,994.331
3424,425,494.81
3425,426,388.312
3426,427,604.93
3427,428,672.951
3428,429,600.598
3429,430,289.919
3430,431,37.568
3431,432,276.702
3432,433,42.622
3433,434,368.376
3434,435,61.907
3435,436,265.214
3436,437,191.289
3437,438,593.646
3438,439,716.677
3439,440,795.03
3440,441,594.394
3441,442,15.043
3442,443,42.34
3443,444,494.505
3444,445,635.273
3445,446,634.815
3446,447,340.337
3447,448,641.578
3448,449,6.606
3449,450,437.967
3450,451,427.079
3451,452,526.961
3452,453,120.498
3453,454,199.698
3454,455,679.548
3455,456,330.727
3456,457,561.057
3457,458,197.47
3458,459,476.447
3459,460,269.883
3460,461,702.0
3461,462,740.302
3462,463,732.847
3463,464,463.874
3464,465,104.199
3465,466,567.735
3466,467,380.587
3467,468,423.056
3468,469,120.815
3469,470,879.062
3470,471,110.564
3471,472,217.611
3472,473,48.306
3473,474,839.474
3474,475,429.108
3475,476,513.082
3476,477,499.923
3477,478,297.194
3478,479,234.003
3479,480,433.589
3480,481,197.221
3481,482,167.026
3482,483,451.472
3483,484,24.391
3484,485,547.52
3485,486,729.299
3486,487,221.377
3487,488,49.83
3488,489,856.737
3489,490,671.324
3490,491,437.683
3491,492,241.101
3492,493,584.647
3493,494,990.449
3494,495,218.4
3495,496,976.715
3496,497,225.45
3497,498,517.022
3498,499,92.269
3499,500,283.542
3500,501,478.135
3501,502,154.943
3502,503,858.844
3503,504,731.109
3504,505,901.984
3505,506,265.476
3506,507,506.439
3507,508,741.413
3508,509,818.283
3509,510,406.591
3510,511,478.649
3511,512,997.896
3512,513,20.208
3513,514,419.332
3514,515,23.159
3515,516,748.605
3516,517,211.18
3517,518,422.91
3518,519,102.677
3519,520,392.735
3520,521,570.699
3521,522,201.664
3522,523,737.395
3523,524,701.42
3524,525,731.562
3525,526,280.333
3526,527,176.486
3527,528,287.084
3528,529,607.883
3529,530,892.922
3530,531,764.383
3531,532,616.551
3532,533,649.225
3533,534,297.075
3534,535,631.298
3535,536,352.407
3536,537,975.102
3537,538,877.527
3538,539,723.018
3539,540,539.426
3540,541,387.528
3541,542,172.981
3542,543,250.141
3543,544,881.436
3544,545,672.942
3545,546,772.107
3546,547,443.348
3547,548,343.494
3548,549,61.997
3549,550,752.343
3550,551,859.596
3551,552,848.224
3552,553,502.187
3553,554,889.072
3554,555,229.818
3555,556,33.654
3556,557,175.043
3557,558,669.609
3558,559,343.243
3559,560,810.992
3560,561,544.369
3561,562,590.77
3562,563,265.706
3563,564,258.616
3564,565,61.312
3565,566,268.184
3566,567,487.303
3567,568,868.071
3568,569,533.085
3569,570,100.861
3570,571,160.243
3571,572,958.239
3572,573,698.821
3573,574,894.177
3574,575,13.785
3575,576,545.184
3576,577,500.329
3577,578,624.5
3578,579,248.019
3579,580,96.834
3580,581,99.196
3581,582,750.865
3582,583,598.123
3583,584,264.656
3584,585,285.974
3585,586,603.4
3586,587,316.853
3587,588,207.6
3588,589,475.339
3589,590,350.706
3590,591,250.722
3591,592,104.78
3592,593,262.561
3593,594,604.735
3594,595,546.674
3595,596,409.659
3596,597,154.492
3597,598,883.771
3598,599,956.672
3599,600,701.958
3600,601,203.862
3601,602,318.214
3602,603,39.586
3603,604,606.128
3604,605,5.409
3605,606,391.11
3606,607,159.483
3607,608,823.426
3608,609,794.304
3609,610,444.403
3610,611,282.029
3611,612,62.878
3612,613,325.159
3613,614,665.868
3614,615,207.205
3615,616,709.846
3616,617,209.478
3617,618,44.418
3618,619,528.787
3619,620,650.169
3620,621,811.627
3621,622,100.637
3622,623,28.48
3623,624,524.769
3624,625,525.325
3625,626,362.712
3626,627,369.12
3627,628,259.867
3628,629,327.093
3629,630,206.036
3630,631,637.568
3631,632,476.987
3632,633,407.819
3633,634,477.285
3634,635,971.464
3635,636,588.754
3636,637,89.597
3637,638,139.352
3638,639,814.036
3639,640,159.331
3640,641,117.361
3641,642,148.148
3642,643,574.148
3643,644,908.297
3644,645,428.101
3645,646,421.697
3646,647,998.916
3647,648,12.629
3648,649,115.671
3649,650,754.762
3650,651,883.032
3651,652,278.197
3652,653,931.04
3653,654,626.377
3654,655,960.163
3655,656,538.036
3656,657,658.863
3657,658,563.165
3658,659,490.444
3659,660,911.675
3660,661,240.868
3661,662,31.407
3662,663,528.599
3663,664,349.752
3664,665,810.987
3665,666,231.999
3666,667,557.457
3667,668,730.085
3668,669,396.852
3669,670,173.858
3670,671,536.212
3671,672,228.617
3672,673,672.047
3673,674,446.928
3674,675,375.039
3675,676,207.38
3676,677,958.693
3677,678,969.333
3678,679,827.998
3679,680,409.314
3680,681,47.756
3681,682,450.382
3682,683,971.211
3683,684,305.986
3684,685,648.83
3685,686,578.89
3686,687,362.512
3687,688,902.703
3688,689,551.32
3689,690,642.583
3690,691,45.942
3691,692,815.945
3692,693,369.338
3693,694,829.554
3694,695,446.796
3695,696,112.01
3696,697,2.231
3697,698,545.291
3698,699,395.779
3699,700,274.838
3700,701,256.731
3701,702,558.746
3702,703,867.223
3703,704,176.928
3704,705,64.661
3705,706,37.189
3706,707,499.197
3707,708,532.347
3708,709,418.749
3709,710,173.148
3710,711,330.358
3711,712,556.605
3712,713,990.069
3713,714,455.426
3714,715,732.639
3715,716,92.633
3716,717,581.027
3717,718,987.111
3718,719,297.037
3719,720,380.837
3720,721,36.073
3721,722,778.447
3722,723,874.292
3723,724,807.872
3724,725,504.568
3725,726,396.688
3726,727,612.107
3727,728,188.573
3728,729,267.173
3729,730,888.764
3730,731,434.316
3731,732,908.534
3732,733,445.091
3733,734,972.902
3734,735,474.822
3735,736,715.397
3736,737,429.517
3737,738,475.331
3738,739,762.58
3739,740,686.907
3740,741,985.192
3741,742,234.166
3742,743,450.527
3743,744,634.033
3744,745,715.952
3745,746,352.629
3746,747,746.002
3747,748,928.105
3748,749,806.629
3749,750,641.499
3750,751,25.405
3751,752,83.597
3752,753,14.984
3753,754,827.925
3754,755,454.14
3755,756,776.555
3756,757,520.565
3757,758,256.179
3758,759,16.443
3759,760,337.014
3760,761,765.917
3761,762,124.982
3762,763,147.918
3763,764,205.403
3764,765,833.631
3765,766,471.184
3766,767,739.385
3767,768,200.328
3768,769,288.157
3769,770,388.105
3770,771,881.599
3771,772,98.012
3772,773,694.392
3773,774,799.674
3774,775,767.234
3775,776,769.165
3776,777,287.026
3777,778,197.902
3778,779,992.727
3779,780,649.452
3780,781,453.011
3781,782,887.629
3782,783,910.06
3783,784,612.625
3784,785,463.126
3785,786,566.176
3786,787,820.156
3787,788,841.34
3788,789,869.917
3789,790,256.064
3790,791,591.804
3791,792,112.659
3792,793,709.51
3793,794,190.336
3794,795,699.083
3795,796,478.159
3796,797,696.25
3797,798,72.77
3798,799,353.361
3799,800,270.28
3800,801,87.835
3801,802,736.636
3802,803,753.498
3803,804,593.224
3804,805,556.952
3805,806,134.435
3806,807,8.282
3807,808,571.102
3808,809,38.663
3809,810,571.222
3810,811,955.759
3811,812,376.701
3812,813,820.867
3813,814,245.931
3814,815,363.807
3815,816,582.137
3816,817,923.336
3817,818,518.013
3818,819,528.237
3819,820,115.533
3820,821,913.019
3821,822,453.343
3822,823,187.402
3823,824,437.77
3824,825,568.481
3825,826,899.657
3826,827,772.795
3827,828,462.383
3828,829,563.281
3829,830,232.201
3830,831,618.434
3831,832,391.252
3832,833,809.389
3833,834,114.891
3834,835,327.769
3835,836,409.654
3836,837,713.571
3837,838,614.497
3838,839,858.727
3839,840,925.444
3840,841,521.426
3841,842,523.294
3842,843,26.269
3843,844,557.505
3844,845,480.834
3845,846,206.096
3846,847,869.745
3847,848,690.05
3848,849,269.257
3849,850,587.995
3850,851,679.796
3851,852,395.157
3852,853,709.073
3853,854,420.693
3854,855,63.142
3855,856,576.491
3856,857,139.118
3857,858,633.131
3858,859,75.342
3859,860,399.517
3860,861,213.783
3861,862,528.488
3862,863,724.021
3863,864,641.451
3864,865,472.165
3865,866,826.985
3866,867,921.846
3867,868,737.288
3868,869,230.954
3869,870,743.01
3870,871,508.793
3871,872,549.421
3872,873,904.404
3873,874,62.38
3874,875,76.435
3875,876,296.196
3876,877,839.869
3877,878,709.012
3878,879,549.287
3879,880,217.138
3880,881,180.113
3881,882,905.917
3882,883,406.158
3883,884,834.287
3884,885,475.178
3885,886,236.198
3886,887,460.426
3887,888,137.624
3888,889,600.516
3889,890,124.336
3890,891,36.87
3891,892,574.183
3892,893,942.315
3893,894,881.129
3894,895,285.466
3895,896,414.408
3896,897,884.301
3897,898,932.607
3898,899,642.488
3899,900,205.895
3900,901,927.5
3901,902,552.79
3902,903,742.325
3903,904,791.907
3904,905,823.033
3905,906,185.992
3906,907,197.486
3907,908,477.144
3908,909,36.155
3909,910,60.034
3910,911,776.156
3911,912,935.024
3912,913,179.366
3913,914,121.938
3914,915,155.581
3915,916,579.164
3916,917,973.365
3917,918,432.176
3918,919,922.461
3919,920,538.79
3920,921,991.241
3921,922,260.865
3922,923,487.602
3923,924,774.101
3924,925,491.482
3925,926,403.602
3926,927,50.794
3927,928,3.022
3928,929,104.768
3929,930,600.362
3930,931,707.819
3931,932,400.491
3932,933,712.782
3933,934,167.468
3934,935,922.897
3935,936,463.455
3936,937,749.905
3937,938,34.928
3938,939,763.527
3939,940,442.284
3940,941,652.752
3941,942,387.828
3942,943,228.771
3943,944,773.665
3944,945,630.191
3945,946,857.574
3946,947,458.272
3947,948,541.356
3948,949,443.266
3949,950,238.648
3950,951,968.349
3951,952,569.285
3952,953,134.099
3953,954,626.322
3954,955,749.958
3955,956,583.477
3956,957,949.574
3957,958,868.015
3958,959,890.224
3959,960,723.078
3960,961,651.308
3961,962,151.615
3962,963,628.746
3963,964,647.608
3964,965,287.034
3965,966,745.714
3966,967,133.391
3967,968,749.519
3968,969,788.867
3969,970,959.122
3970,971,274.239
3971,972,721.247
3972,973,818.915
3973,974,779.56
3974,975,933.639
3975,976,933.185
3976,977,892.031
3977,978,862.696
3978,979,653.177
3979,980,424.113
3980,981,886.474
3981,982,757.062
3982,983,858.07
3983,984,500.363
3984,985,337.667
3985,986,351.276
3986,987,153.925
3987,988,397.329
3988,989,215.654
3989,990,249.492
3990,991,438.225
3991,992,743.195
3992,993,441.504
3993,994,500.635
3994,995,101.758
3995,996,352.761
3996,997,150.71
3997,998,377.974
3998,999,218.699
3999,1000,203.288
